  Time                 , V(VN)                , V(VS)                , (V(MH:+)-V(MH:-)) / I(MH:+), (V(MS:+)-V(MS:-)) / I(MS:+)
  2.441406250000e-07  ,3.855715279860e-02  ,1.000000000000e+00  ,5.000000000000e+04  ,5.000000068697e+04  
  2.855605468750e-07  ,2.896183654957e-02  ,1.000000000000e+00  ,5.000000000000e+04  ,5.000000081059e+04  
  3.683990821838e-07  ,7.798161132541e-03  ,1.000000000000e+00  ,5.000000000000e+04  ,5.000000107233e+04  
  5.340761528015e-07  ,-1.668623085061e-02  ,1.000000000000e+00  ,5.000000000000e+04  ,5.000000167685e+04  
  8.654302940369e-07  ,-2.593280397014e-02  ,1.000000000000e+00  ,5.000000000000e+04  ,5.000000315016e+04  
  1.373261867523e-06  ,-1.237456636318e-02  ,1.000000000000e+00  ,4.999998215068e+04  ,5.000000588578e+04  
  2.074784694672e-06  ,2.006538480964e-02  ,1.000000000000e+00  ,4.999994439149e+04  ,5.000001018653e+04  
  3.477830348969e-06  ,9.634543216089e-02  ,1.000000000000e+00  ,4.999989975931e+04  ,5.000001933110e+04  
  6.283921657562e-06  ,2.357346303907e-01  ,1.000000000000e+00  ,4.999983225108e+04  ,5.000003724777e+04  
  1.189610427475e-05  ,4.198695156956e-01  ,1.000000000000e+00  ,4.999971828110e+04  ,5.000006903234e+04  
  2.312046950912e-05  ,5.813880157657e-01  ,1.000000000000e+00  ,4.999952016282e+04  ,5.000011894698e+04  
  4.556919997787e-05  ,6.420158102410e-01  ,1.000000000000e+00  ,4.999915613802e+04  ,5.000018496980e+04  
  9.046666091537e-05  ,6.353916652733e-01  ,1.000000000000e+00  ,4.999844171209e+04  ,5.000023353117e+04  
  1.802615827904e-04  ,6.385799368727e-01  ,1.000000000000e+00  ,4.999701131383e+04  ,5.000023353121e+04  
  3.598514265404e-04  ,6.363193242578e-01  ,1.000000000000e+00  ,4.999415143253e+04  ,5.000023471493e+04  
  7.190311140404e-04  ,6.382479068707e-01  ,1.000000000000e+00  ,4.998843155966e+04  ,5.000023353148e+04  
  1.437390489040e-03  ,6.364273304353e-01  ,1.000000000000e+00  ,4.997699390858e+04  ,5.000023353184e+04  
  2.874109239040e-03  ,6.380520184175e-01  ,1.000000000000e+00  ,4.995412426634e+04  ,5.000023353256e+04  
  5.747546739040e-03  ,6.361945893150e-01  ,1.000000000000e+00  ,4.990840959258e+04  ,5.000023552083e+04  
  1.149442173904e-02  ,6.375041909632e-01  ,1.000000000000e+00  ,4.981707663247e+04  ,5.000023353687e+04  
  2.298817173904e-02  ,6.351368555916e-01  ,1.000000000000e+00  ,4.963479698460e+04  ,5.000023354262e+04  
  4.597567173904e-02  ,6.353647118085e-01  ,1.000000000000e+00  ,4.927177680139e+04  ,5.000023355411e+04  
  9.195067173904e-02  ,6.308366869343e-01  ,1.000000000000e+00  ,4.855183703970e+04  ,5.000023863607e+04  
  1.839006717390e-01  ,6.266659534886e-01  ,1.000000000000e+00  ,4.713602101465e+04  ,5.000023362308e+04  
  3.678006717390e-01  ,6.129929942545e-01  ,1.000000000000e+00  ,4.439789097519e+04  ,5.000023371504e+04  
  7.356006717390e-01  ,5.893007452250e-01  ,1.000000000000e+00  ,3.928383903482e+04  ,5.000023389896e+04  
  1.471200671739e+00  ,5.320021267980e-01  ,1.000000000000e+00  ,3.050652195902e+04  ,5.000023993721e+04  
  2.271200671739e+00  ,4.705452794442e-01  ,1.000000000000e+00  ,2.321626403835e+04  ,5.000023466683e+04  
  3.071200671739e+00  ,4.106177442591e-01  ,1.000000000000e+00  ,1.816132701848e+04  ,5.000023506687e+04  
  3.871200671739e+00  ,3.664559157041e-01  ,1.000000000000e+00  ,1.491087668961e+04  ,5.000023546691e+04  
  4.671200671739e+00  ,3.316758112924e-01  ,1.000000000000e+00  ,1.291498532496e+04  ,5.000023586694e+04  
  5.000000000008e+00  ,3.238345225982e-01  ,1.000000000000e+00  ,1.235663247440e+04  ,5.000023603136e+04  
  5.001000000007e+00  ,2.853526355175e-01  ,8.999999992800e-01  ,1.235492766415e+04  ,5.000023603186e+04  
  5.003000000007e+00  ,2.107700483757e-01  ,6.999999992800e-01  ,1.235097496584e+04  ,5.000023603286e+04  
  5.003500000007e+00  ,1.925015299785e-01  ,6.499999992801e-01  ,1.234980262282e+04  ,5.000023603311e+04  
  5.004500000007e+00  ,1.566710555344e-01  ,5.499999992800e-01  ,1.234710846289e+04  ,5.000023603361e+04  
  5.004750000007e+00  ,1.479179590242e-01  ,5.249999992800e-01  ,1.234635176334e+04  ,5.000023603373e+04  
  5.004812500007e+00  ,1.457360077766e-01  ,5.187499992800e-01  ,1.234615625616e+04  ,5.000023603377e+04  
  5.004937500007e+00  ,1.414030945307e-01  ,5.062499992800e-01  ,1.234575701337e+04  ,5.000023603383e+04  
  5.005187500007e+00  ,2.533150063755e-02  ,4.812499992800e-01  ,1.234534892074e+04  ,5.000023603395e+04  
  5.005250000007e+00  ,-1.731006872578e-01  ,4.749999992799e-01  ,1.234643804570e+04  ,5.000023603398e+04  
  5.005375000007e+00  ,-1.805376102857e-01  ,4.624999992800e-01  ,1.235078654646e+04  ,5.000023603405e+04  
  5.005625000007e+00  ,-1.732678925910e-01  ,4.374999992799e-01  ,1.235948094698e+04  ,5.000023603417e+04  
  5.006105126960e+00  ,-1.805336514371e-01  ,3.894873039674e-01  ,1.237616728697e+04  ,5.000023603441e+04  
  5.007065380867e+00  ,-1.734209730494e-01  ,2.934619133424e-01  ,1.240949708975e+04  ,5.000023603489e+04  
  5.007305444343e+00  ,-1.805742557190e-01  ,2.694555656862e-01  ,1.241782048137e+04  ,5.000023603501e+04  
  5.007785571296e+00  ,-1.735467867984e-01  ,2.214428703737e-01  ,1.243445674637e+04  ,5.000023603525e+04  
  5.008745825203e+00  ,-1.801532352838e-01  ,1.254174797487e-01  ,1.246768348354e+04  ,5.000023603573e+04  
  5.008902597053e+00  ,-8.679882573779e-02  ,1.097402946801e-01  ,1.247302360534e+04  ,5.000023603581e+04  
  5.009012337348e+00  ,-2.511253167858e-06  ,9.876626521210e-02  ,1.247659058496e+04  ,5.000023603587e+04  
  5.009039772651e+00  ,-1.295911344790e-06  ,9.602273493865e-02  ,1.247748222595e+04  ,5.000023603588e+04  
  5.009094643256e+00  ,-7.210507530497e-07  ,9.053567439175e-02  ,1.247926556557e+04  ,5.000023603591e+04  
  5.009202883002e+00  ,-4.598851854054e-07  ,7.971169978234e-02  ,1.248278286504e+04  ,5.000023603596e+04  
  5.009419362494e+00  ,-3.566288865331e-07  ,5.806375056361e-02  ,1.248981552537e+04  ,5.000023603607e+04  
  5.009852321479e+00  ,-3.319525700429e-07  ,1.476785212615e-02  ,1.250387310379e+04  ,5.000023603629e+04  
  5.010000000008e+00  ,-3.330368536503e-07  ,0.000000000000e+00  ,1.250866566226e+04  ,5.000023603636e+04  
  5.010045275887e+00  ,-3.331459901834e-07  ,0.000000000000e+00  ,1.251013468784e+04  ,5.000023603638e+04  
  5.010135827645e+00  ,-3.333318749910e-07  ,0.000000000000e+00  ,1.251307251386e+04  ,5.000023603643e+04  
  5.010285974129e+00  ,-3.335153991313e-07  ,0.000000000000e+00  ,1.251794281618e+04  ,5.000023603650e+04  
  5.010586267098e+00  ,-3.336939418952e-07  ,0.000000000000e+00  ,1.252767971219e+04  ,5.000023603665e+04  
  5.011186853035e+00  ,-3.338936747643e-07  ,0.000000000000e+00  ,1.254713869777e+04  ,5.000023603695e+04  
  5.012388024910e+00  ,-3.342686440977e-07  ,0.000000000000e+00  ,1.258599766660e+04  ,5.000023603755e+04  
  5.014790368660e+00  ,-3.350089725906e-07  ,0.000000000000e+00  ,1.266348136249e+04  ,5.000023603876e+04  
  5.019595056160e+00  ,-3.364286518537e-07  ,0.000000000000e+00  ,1.281752562805e+04  ,5.000023604116e+04  
  5.029204431160e+00  ,-3.393528711371e-07  ,0.000000000000e+00  ,1.312202781163e+04  ,5.000023604596e+04  
  5.048423181160e+00  ,-3.446817216923e-07  ,0.000000000000e+00  ,1.371746966543e+04  ,5.000023605557e+04  
  5.086860681160e+00  ,-3.540827231141e-07  ,0.000000000000e+00  ,1.485947951276e+04  ,5.000023607479e+04  
  5.163735681160e+00  ,-3.691299368669e-07  ,0.000000000000e+00  ,1.698073718335e+04  ,5.000023611323e+04  
  5.317485681160e+00  ,-3.900697362891e-07  ,0.000000000000e+00  ,2.073801215402e+04  ,5.000023619012e+04  
  5.624985681160e+00  ,-4.144612666401e-07  ,0.000000000000e+00  ,2.696334465781e+04  ,5.000023634388e+04  
  6.000000000008e+00  ,-4.306831646594e-07  ,0.000000000000e+00  ,3.294665591496e+04  ,5.000023653141e+04  
  6.005000000007e+00  ,-4.287325788832e-07  ,1.000000001440e-01  ,3.301656038928e+04  ,5.000023653391e+04  
  6.015000000007e+00  ,-1.968616229133e-01  ,3.000000001440e-01  ,3.316057431106e+04  ,5.000023653891e+04  
  6.035000000007e+00  ,3.648066976457e-01  ,7.000000001440e-01  ,3.313634279749e+04  ,5.000023654891e+04  
  6.050000000008e+00  ,5.500103593222e-01  ,1.000000000000e+00  ,3.292121309546e+04  ,5.000023655641e+04  
  6.053377500008e+00  ,5.496596888406e-01  ,1.000000000000e+00  ,3.288269002076e+04  ,5.000023655810e+04  
  6.060132187508e+00  ,5.493059239234e-01  ,1.000000000000e+00  ,3.280573542934e+04  ,5.000023656148e+04  
  6.073641562508e+00  ,5.481140073971e-01  ,1.000000000000e+00  ,3.265232903367e+04  ,5.000023656823e+04  
  6.096369687508e+00  ,5.464873985620e-01  ,1.000000000000e+00  ,3.239574903950e+04  ,5.000023657960e+04  
  6.141825937508e+00  ,5.428202204639e-01  ,1.000000000000e+00  ,3.188829484801e+04  ,5.000023660233e+04  
  6.232738437508e+00  ,5.358295722981e-01  ,1.000000000000e+00  ,3.089632544833e+04  ,5.000023664779e+04  
  6.414563437508e+00  ,5.213353568397e-01  ,1.000000000000e+00  ,2.900495926729e+04  ,5.000023673871e+04  
  6.778213437508e+00  ,4.925411835138e-01  ,1.000000000000e+00  ,2.559484957613e+04  ,5.000023692055e+04  
  7.505513437508e+00  ,4.367595898802e-01  ,1.000000000000e+00  ,2.020691733185e+04  ,5.000023728424e+04  
  8.305513437508e+00  ,3.848277665966e-01  ,1.000000000000e+00  ,1.620260469978e+04  ,5.000023768427e+04  
  9.105513437508e+00  ,3.459859434806e-01  ,1.000000000000e+00  ,1.370039821371e+04  ,5.000023808431e+04  
  9.905513437508e+00  ,3.198150675162e-01  ,1.000000000000e+00  ,1.218774890630e+04  ,5.000023848435e+04  
  1.070551343751e+01  ,3.029092750803e-01  ,1.000000000000e+00  ,1.128797242211e+04  ,5.000023888439e+04  
  1.100000000001e+01  ,2.986685503856e-01  ,1.000000000000e+00  ,1.106318430562e+04  ,5.000023903165e+04  
  1.100300000001e+01  ,2.635933251877e-01  ,8.999999997599e-01  ,1.106086557862e+04  ,5.000023903315e+04  
  1.100900000001e+01  ,1.944672047975e-01  ,6.999999997599e-01  ,1.105550273958e+04  ,5.000023903615e+04  
  1.101050000001e+01  ,1.775846188248e-01  ,6.499999997599e-01  ,1.105391628681e+04  ,5.000023903690e+04  
  1.101350000001e+01  ,1.445568002091e-01  ,5.499999997599e-01  ,1.105027910664e+04  ,5.000023903840e+04  
  1.101425000001e+01  ,1.364939045743e-01  ,5.249999997599e-01  ,1.104926025850e+04  ,5.000023903877e+04  
  1.101443750001e+01  ,1.344923476427e-01  ,5.187499997600e-01  ,1.104899704784e+04  ,5.000023903886e+04  
  1.101481250001e+01  ,1.305018320709e-01  ,5.062499997600e-01  ,1.104845976111e+04  ,5.000023903905e+04  
  1.101490625001e+01  ,1.295001489052e-01  ,5.031249997600e-01  ,1.104832312494e+04  ,5.000023903910e+04  
  1.101509375001e+01  ,3.026356884766e-02  ,4.968749997600e-01  ,1.104818555203e+04  ,5.000023903919e+04  
  1.101514062501e+01  ,-1.682404589228e-01  ,4.953124997600e-01  ,1.104905863699e+04  ,5.000023903922e+04  
  1.101523437501e+01  ,-1.787069105048e-01  ,4.921874997600e-01  ,1.105255499287e+04  ,5.000023903926e+04  
  1.101542187501e+01  ,-1.685303797130e-01  ,4.859374997600e-01  ,1.105954612142e+04  ,5.000023903936e+04  
  1.101578432618e+01  ,-1.786464445031e-01  ,4.738557940308e-01  ,1.107305240688e+04  ,5.000023903954e+04  
  1.101650922852e+01  ,-1.687148574274e-01  ,4.496923825725e-01  ,1.110003507421e+04  ,5.000023903990e+04  
  1.101795903321e+01  ,-1.788225904747e-01  ,4.013655596558e-01  ,1.115387931602e+04  ,5.000023904063e+04  
  1.102085864259e+01  ,-1.691891363007e-01  ,3.047119138225e-01  ,1.126109267131e+04  ,5.000023904208e+04  
  1.102158354493e+01  ,-1.791391706502e-01  ,2.805485023642e-01  ,1.128779700252e+04  ,5.000023904244e+04  
  1.102303334962e+01  ,-1.694447549380e-01  ,2.322216794475e-01  ,1.134108942876e+04  ,5.000023904316e+04  
  1.102339580079e+01  ,-1.792558073357e-01  ,2.201399737183e-01  ,1.135438810104e+04  ,5.000023904334e+04  
  1.102412070313e+01  ,-1.696186368645e-01  ,1.959765622600e-01  ,1.138095688233e+04  ,5.000023904371e+04  
  1.102557050782e+01  ,-1.794144546293e-01  ,1.476497393433e-01  ,1.143397874487e+04  ,5.000023904443e+04  
  1.102593295899e+01  ,-1.693041260005e-01  ,1.355680336141e-01  ,1.144720927244e+04  ,5.000023904461e+04  
  1.102665786134e+01  ,-8.407449614278e-07  ,1.114046221558e-01  ,1.147284526869e+04  ,5.000023904498e+04  
  1.102810766602e+01  ,-2.830942513743e-07  ,6.307779923915e-02  ,1.152250852008e+04  ,5.000023904570e+04  
  1.103000000001e+01  ,-3.765761640573e-07  ,0.000000000000e+00  ,1.158712745126e+04  ,5.000023904665e+04  
  1.103024773438e+01  ,-3.342064392453e-07  ,0.000000000000e+00  ,1.159556811540e+04  ,5.000023904677e+04  
  1.103074324220e+01  ,-3.267219741976e-07  ,0.000000000000e+00  ,1.161243519418e+04  ,5.000023904702e+04  
  1.103173425782e+01  ,-3.235440952376e-07  ,0.000000000000e+00  ,1.164613830549e+04  ,5.000023904751e+04  
  1.103371628907e+01  ,-3.261569719581e-07  ,0.000000000000e+00  ,1.171335927071e+04  ,5.000023904850e+04  
  1.103768035157e+01  ,-3.261302509161e-07  ,0.000000000000e+00  ,1.184707019535e+04  ,5.000023905049e+04  
  1.104560847657e+01  ,-3.301502981834e-07  ,0.000000000000e+00  ,1.211164519350e+04  ,5.000023905445e+04  
  1.106146472657e+01  ,-3.341068370022e-07  ,0.000000000000e+00  ,1.262998096750e+04  ,5.000023906238e+04  
  1.109317722657e+01  ,-3.443758147537e-07  ,0.000000000000e+00  ,1.362738232754e+04  ,5.000023907824e+04  
  1.115660222657e+01  ,-3.582288371773e-07  ,0.000000000000e+00  ,1.548989700734e+04  ,5.000023910995e+04  
  1.128345222657e+01  ,-3.805903761311e-07  ,0.000000000000e+00  ,1.881548146533e+04  ,5.000023917338e+04  
  1.153715222657e+01  ,-4.048894720610e-07  ,0.000000000000e+00  ,2.440324986257e+04  ,5.000023930025e+04  
  1.204455222657e+01  ,-4.314841881015e-07  ,0.000000000000e+00  ,3.295119835996e+04  ,5.000023955397e+04  
  1.284455222657e+01  ,-4.463303505953e-07  ,0.000000000000e+00  ,4.167620240568e+04  ,5.000023995401e+04  
  1.364455222657e+01  ,-4.545181495619e-07  ,0.000000000000e+00  ,4.630855691010e+04  ,5.000024035405e+04  
  1.444455222657e+01  ,-4.554008682101e-07  ,0.000000000000e+00  ,4.846946739561e+04  ,5.000024075409e+04  
  1.524455222657e+01  ,-4.582693577670e-07  ,0.000000000000e+00  ,4.938749482672e+04  ,5.000024115412e+04  
  1.604455222657e+01  ,-4.570095075429e-07  ,0.000000000000e+00  ,4.975873180043e+04  ,5.000024155416e+04  
  1.684455222657e+01  ,-4.588591853705e-07  ,0.000000000000e+00  ,4.990558529797e+04  ,5.000024195420e+04  
  1.764455222657e+01  ,-4.572255551116e-07  ,0.000000000000e+00  ,4.996314963524e+04  ,5.000024235424e+04  
  1.844455222657e+01  ,-4.589480802342e-07  ,0.000000000000e+00  ,4.998563187452e+04  ,5.000024275428e+04  
  1.924455222657e+01  ,-4.572622789856e-07  ,0.000000000000e+00  ,4.999440007907e+04  ,5.000024315431e+04  
  1.990000000001e+01  ,-4.589596504789e-07  ,0.000000000000e+00  ,4.999736365537e+04  ,5.000024348207e+04  
  1.990125000001e+01  ,-4.574140007874e-07  ,0.000000000000e+00  ,4.999736725585e+04  ,5.000024348269e+04  
  1.990125488282e+01  ,-4.574080311737e-07  ,0.000000000000e+00  ,4.999736726991e+04  ,5.000024348270e+04  
  1.990126464845e+01  ,-4.573962165688e-07  ,0.000000000000e+00  ,4.999736729804e+04  ,5.000024348270e+04  
  1.990126708985e+01  ,-4.573933646279e-07  ,0.000000000000e+00  ,4.999736730507e+04  ,5.000024348270e+04  
  1.990126770020e+01  ,-4.573927996632e-07  ,0.000000000000e+00  ,4.999736730683e+04  ,5.000024348270e+04  
  1.990126892091e+01  ,-4.573914628159e-07  ,0.000000000000e+00  ,4.999736731034e+04  ,5.000024348270e+04  
  1.990127136231e+01  ,-4.573883421177e-07  ,0.000000000000e+00  ,4.999736731738e+04  ,5.000024348270e+04  
  1.990127197266e+01  ,-4.573877830094e-07  ,0.000000000000e+00  ,4.999736731913e+04  ,5.000024348270e+04  
  1.990127212525e+01  ,-4.573878616687e-07  ,0.000000000000e+00  ,4.999736731957e+04  ,5.000024348270e+04  
  1.990127243043e+01  ,-4.573887137371e-07  ,0.000000000000e+00  ,4.999736732045e+04  ,5.000024348270e+04  
  1.990127304078e+01  ,-4.573865369228e-07  ,0.000000000000e+00  ,4.999736732221e+04  ,5.000024348271e+04  
  1.990127426148e+01  ,-4.573857927404e-07  ,0.000000000000e+00  ,4.999736732573e+04  ,5.000024348271e+04  
  1.990127429963e+01  ,-4.573871996150e-07  ,0.000000000000e+00  ,4.999736732584e+04  ,5.000024348271e+04  
  1.990127430917e+01  ,-4.573830323928e-07  ,0.000000000000e+00  ,4.999736732586e+04  ,5.000024348271e+04  
  1.990127432824e+01  ,-4.573874204661e-07  ,0.000000000000e+00  ,4.999736732592e+04  ,5.000024348271e+04  
  1.990127436639e+01  ,-4.573837745214e-07  ,0.000000000000e+00  ,4.999736732603e+04  ,5.000024348271e+04  
  1.990127437592e+01  ,-4.573874239910e-07  ,0.000000000000e+00  ,4.999736732606e+04  ,5.000024348271e+04  
  1.990127439500e+01  ,-4.573844842870e-07  ,0.000000000000e+00  ,4.999736732611e+04  ,5.000024348271e+04  
  1.990127443314e+01  ,-4.573879835157e-07  ,0.000000000000e+00  ,4.999736732622e+04  ,5.000024348271e+04  
  1.990127444268e+01  ,-3.342174494381e-07  ,0.000000000000e+00  ,4.999736732625e+04  ,5.000024352827e+04  
  1.990127446175e+01  ,-3.833878514659e-07  ,0.000000000000e+00  ,4.999736732630e+04  ,5.000024367856e+04  
  1.990127449990e+01  ,-4.958566022506e-07  ,0.000000000000e+00  ,4.999736732641e+04  ,5.000024379686e+04  
  1.990127457620e+01  ,-3.867686819703e-07  ,0.000000000000e+00  ,4.999736732663e+04  ,5.000024402618e+04  
  1.990127471252e+01  ,-4.833030926854e-07  ,0.000000000000e+00  ,4.999736732702e+04  ,5.000024443600e+04  
  1.990127498132e+01  ,-3.819453441856e-07  ,0.000000000000e+00  ,4.999736732780e+04  ,5.000024529112e+04  
  1.990127551890e+01  ,-4.782610952547e-07  ,0.000000000000e+00  ,4.999736732935e+04  ,5.000024700152e+04  
  1.990127659407e+01  ,-3.844266509845e-07  ,0.000000000000e+00  ,4.999736733244e+04  ,5.000025033551e+04  
  1.990127874442e+01  ,-4.776804766460e-07  ,0.000000000000e+00  ,4.999736733864e+04  ,5.000025700349e+04  
  1.990128304511e+01  ,-3.814278568826e-07  ,0.000000000000e+00  ,4.999736735102e+04  ,5.000027078265e+04  
  1.990129164649e+01  ,-4.768995428284e-07  ,0.000000000000e+00  ,4.999736737579e+04  ,5.000029834095e+04  
  1.990130884925e+01  ,-3.816436889570e-07  ,0.000000000000e+00  ,4.999736742534e+04  ,5.000035329849e+04  
  1.990134325476e+01  ,-4.768129578669e-07  ,0.000000000000e+00  ,4.999736752441e+04  ,5.000046321430e+04  
  1.990141206580e+01  ,-4.331936589441e-07  ,0.000000000000e+00  ,4.999736772251e+04  ,5.000056021675e+04  
  1.990154968787e+01  ,-4.784021379323e-07  ,0.000000000000e+00  ,4.999736811855e+04  ,5.000075422873e+04  
  1.990182493201e+01  ,-3.673980307761e-07  ,0.000000000000e+00  ,4.999736890998e+04  ,5.000176096639e+04  
  1.990237542029e+01  ,-4.780393916270e-07  ,0.000000000000e+00  ,4.999737049027e+04  ,5.000377419826e+04  
  1.990304192420e+01  ,-4.327777570201e-07  ,0.000000000000e+00  ,4.999737239898e+04  ,5.000467109751e+04  
  1.990437493201e+01  ,-4.775465926865e-07  ,0.000000000000e+00  ,4.999737620129e+04  ,5.000646490790e+04  
  1.990704094764e+01  ,-3.591416452842e-07  ,0.000000000000e+00  ,4.999738374570e+04  ,5.001632389621e+04  
  1.991175969764e+01  ,-4.750728602176e-07  ,0.000000000000e+00  ,4.999739690377e+04  ,5.003377394438e+04  
  1.991644407264e+01  ,-3.463376945789e-07  ,0.000000000000e+00  ,4.999740972158e+04  ,5.005107872232e+04  
  1.991659045935e+01  ,-4.732653926531e-07  ,0.000000000000e+00  ,4.999741011824e+04  ,5.005160513987e+04  
  1.991688323279e+01  ,-4.296151857597e-07  ,0.000000000000e+00  ,4.999741091085e+04  ,5.005157618370e+04  
  1.991689238196e+01  ,-4.329111006063e-07  ,0.000000000000e+00  ,4.999741093560e+04  ,5.005157619995e+04  
  1.991691068030e+01  ,-3.410936510462e-07  ,0.000000000000e+00  ,4.999741098511e+04  ,5.005164677939e+04  
  1.991691525489e+01  ,-4.696159967288e-07  ,0.000000000000e+00  ,4.999741099748e+04  ,5.005166278351e+04  
  1.991692440406e+01  ,-3.682561163232e-07  ,0.000000000000e+00  ,4.999741102223e+04  ,5.005168621580e+04  
  1.991694270240e+01  ,-4.695853505488e-07  ,0.000000000000e+00  ,4.999741107173e+04  ,5.005173284412e+04  
  1.991697929908e+01  ,-3.693999386101e-07  ,0.000000000000e+00  ,4.999741117072e+04  ,5.005182454697e+04  
  1.991705249244e+01  ,-4.694639010039e-07  ,0.000000000000e+00  ,4.999741136865e+04  ,5.005200826705e+04  
  1.991719887915e+01  ,-4.296605835563e-07  ,0.000000000000e+00  ,4.999741176433e+04  ,5.005195443791e+04  
  1.991749165259e+01  ,-4.707139006632e-07  ,0.000000000000e+00  ,4.999741255499e+04  ,5.005191357253e+04  
  1.991807719947e+01  ,-3.595662032563e-07  ,0.000000000000e+00  ,4.999741413350e+04  ,5.005368524041e+04  
  1.991924829322e+01  ,-4.700228728449e-07  ,0.000000000000e+00  ,4.999741727931e+04  ,5.005727707816e+04  
  1.992060962134e+01  ,-4.288787351647e-07  ,0.000000000000e+00  ,4.999742091737e+04  ,5.005714346969e+04  
  1.992333227759e+01  ,-4.686929479525e-07  ,0.000000000000e+00  ,4.999742813330e+04  ,5.005700415510e+04  
  1.992877759009e+01  ,-3.442312279112e-07  ,0.000000000000e+00  ,4.999744232650e+04  ,5.007408894853e+04  
  1.992879714576e+01  ,-4.651534031563e-07  ,0.000000000000e+00  ,4.999744237690e+04  ,5.007415093920e+04  
  1.992883625708e+01  ,-3.527646955936e-07  ,0.000000000000e+00  ,4.999744247769e+04  ,5.007426222473e+04  
  1.992891447974e+01  ,-4.645897335454e-07  ,0.000000000000e+00  ,4.999744267922e+04  ,5.007448467123e+04  
  1.992907092505e+01  ,-4.269279105795e-07  ,0.000000000000e+00  ,4.999744308208e+04  ,5.007447717616e+04  
  1.992907581397e+01  ,-4.299306936018e-07  ,0.000000000000e+00  ,4.999744309466e+04  ,5.007447717616e+04  
  1.992908559180e+01  ,-3.450885448231e-07  ,0.000000000000e+00  ,4.999744311983e+04  ,5.007450800048e+04  
  1.992910514747e+01  ,-4.647518190293e-07  ,0.000000000000e+00  ,4.999744317017e+04  ,5.007456875409e+04  
  1.992912575599e+01  ,-3.532888425417e-07  ,0.000000000000e+00  ,4.999744322321e+04  ,5.007462688945e+04  
  1.992915709143e+01  ,-4.640578386561e-07  ,0.000000000000e+00  ,4.999744330385e+04  ,5.007471520561e+04  
  1.992921976233e+01  ,-4.270770462278e-07  ,0.000000000000e+00  ,4.999744346511e+04  ,5.007471217817e+04  
  1.992923543006e+01  ,-4.298436447614e-07  ,0.000000000000e+00  ,4.999744350541e+04  ,5.007471217818e+04  
  1.992926676551e+01  ,-3.357684686955e-07  ,0.000000000000e+00  ,4.999744358602e+04  ,5.007482075556e+04  
  1.992927459937e+01  ,-4.637198754154e-07  ,0.000000000000e+00  ,4.999744360617e+04  ,5.007484752807e+04  
  1.992929026709e+01  ,-3.579601818571e-07  ,0.000000000000e+00  ,4.999744364647e+04  ,5.007488905164e+04  
  1.992932160254e+01  ,-4.631898925800e-07  ,0.000000000000e+00  ,4.999744372706e+04  ,5.007497203302e+04  
  1.992938427344e+01  ,-3.592800943975e-07  ,0.000000000000e+00  ,4.999744388820e+04  ,5.007513483364e+04  
  1.992950961524e+01  ,-4.630069719014e-07  ,0.000000000000e+00  ,4.999744421036e+04  ,5.007546042628e+04  
  1.992976029883e+01  ,-4.269821941572e-07  ,0.000000000000e+00  ,4.999744485419e+04  ,5.007544763756e+04  
  1.993026166602e+01  ,-4.640830170988e-07  ,0.000000000000e+00  ,4.999744613985e+04  ,5.007542595037e+04  
  1.993126440039e+01  ,-4.266370068062e-07  ,0.000000000000e+00  ,4.999744870319e+04  ,5.007538257942e+04  
  1.993126804114e+01  ,-4.291801861123e-07  ,0.000000000000e+00  ,4.999744871248e+04  ,5.007538257942e+04  
  1.993127532264e+01  ,-3.514346205158e-07  ,0.000000000000e+00  ,4.999744873105e+04  ,5.007540325027e+04  
  1.993128781653e+01  ,-4.628728945688e-07  ,0.000000000000e+00  ,4.999744876292e+04  ,5.007543819237e+04  
  1.993130019294e+01  ,-3.549408758019e-07  ,0.000000000000e+00  ,4.999744879449e+04  ,5.007547125589e+04  
  1.993131469031e+01  ,-4.619622402113e-07  ,0.000000000000e+00  ,4.999744883147e+04  ,5.007550994318e+04  
  1.993134368506e+01  ,-3.582659217072e-07  ,0.000000000000e+00  ,4.999744890541e+04  ,5.007558388902e+04  
  1.993140167456e+01  ,-4.617381721139e-07  ,0.000000000000e+00  ,4.999744905328e+04  ,5.007573175887e+04  
  1.993151765357e+01  ,-4.266935853259e-07  ,0.000000000000e+00  ,4.999744934891e+04  ,5.007572647150e+04  
  1.993152127791e+01  ,-4.290242830718e-07  ,0.000000000000e+00  ,4.999744935815e+04  ,5.007572647150e+04  
  1.993152852660e+01  ,-3.517383112273e-07  ,0.000000000000e+00  ,4.999744937662e+04  ,5.007574690938e+04  
  1.993154302398e+01  ,-4.626238358507e-07  ,0.000000000000e+00  ,4.999744941356e+04  ,5.007578717950e+04  
  1.993155680877e+01  ,-3.546755978356e-07  ,0.000000000000e+00  ,4.999744944869e+04  ,5.007582401400e+04  
  1.993157572966e+01  ,-4.618678942359e-07  ,0.000000000000e+00  ,4.999744949689e+04  ,5.007587452675e+04  
  1.993161357146e+01  ,-3.573522739941e-07  ,0.000000000000e+00  ,4.999744959330e+04  ,5.007597190859e+04  
  1.993168925505e+01  ,-4.616452942419e-07  ,0.000000000000e+00  ,4.999744978606e+04  ,5.007616663966e+04  
  1.993184062224e+01  ,-4.267158734139e-07  ,0.000000000000e+00  ,4.999745017141e+04  ,5.007615988370e+04  
  1.993184535247e+01  ,-4.289173246297e-07  ,0.000000000000e+00  ,4.999745018345e+04  ,5.007615988370e+04  
  1.993185481292e+01  ,-3.487976991956e-07  ,0.000000000000e+00  ,4.999745020752e+04  ,5.007618738057e+04  
  1.993187373381e+01  ,-4.621447076136e-07  ,0.000000000000e+00  ,4.999745025567e+04  ,5.007624157987e+04  
  1.993189169951e+01  ,-3.555027127122e-07  ,0.000000000000e+00  ,4.999745030138e+04  ,5.007628882254e+04  
  1.993191650725e+01  ,-4.615322717894e-07  ,0.000000000000e+00  ,4.999745036450e+04  ,5.007635401108e+04  
  1.993196612273e+01  ,-4.267643736733e-07  ,0.000000000000e+00  ,4.999745049072e+04  ,5.007635183714e+04  
  1.993197852660e+01  ,-4.288963592058e-07  ,0.000000000000e+00  ,4.999745052227e+04  ,5.007635183715e+04  
  1.993200333434e+01  ,-3.356937349486e-07  ,0.000000000000e+00  ,4.999745058537e+04  ,5.007643494183e+04  
  1.993200953627e+01  ,-4.605130801139e-07  ,0.000000000000e+00  ,4.999745060114e+04  ,5.007645542869e+04  
  1.993202194014e+01  ,-3.601266958253e-07  ,0.000000000000e+00  ,4.999745063268e+04  ,5.007648591589e+04  
  1.993204674788e+01  ,-4.607354351094e-07  ,0.000000000000e+00  ,4.999745069577e+04  ,5.007654690566e+04  
  1.993209636336e+01  ,-3.611000886639e-07  ,0.000000000000e+00  ,4.999745082192e+04  ,5.007666700362e+04  
  1.993219559432e+01  ,-4.605847879757e-07  ,0.000000000000e+00  ,4.999745107414e+04  ,5.007690718923e+04  
  1.993239405623e+01  ,-4.266205765602e-07  ,0.000000000000e+00  ,4.999745157827e+04  ,5.007689801424e+04  
  1.993240025817e+01  ,-4.287930900626e-07  ,0.000000000000e+00  ,4.999745159402e+04  ,5.007689801424e+04  
  1.993241266204e+01  ,-3.498973840110e-07  ,0.000000000000e+00  ,4.999745162551e+04  ,5.007693326737e+04  
  1.993243746978e+01  ,-4.615140056785e-07  ,0.000000000000e+00  ,4.999745168849e+04  ,5.007700273609e+04  
  1.993246131621e+01  ,-3.582585810513e-07  ,0.000000000000e+00  ,4.999745174903e+04  ,5.007706256229e+04  
  1.993249505645e+01  ,-4.605939930014e-07  ,0.000000000000e+00  ,4.999745183467e+04  ,5.007714712020e+04  
  1.993256253692e+01  ,-4.266668279240e-07  ,0.000000000000e+00  ,4.999745200592e+04  ,5.007714410546e+04  
  1.993257940703e+01  ,-4.287334439135e-07  ,0.000000000000e+00  ,4.999745204872e+04  ,5.007714410547e+04  
  1.993261314727e+01  ,-3.405124143208e-07  ,0.000000000000e+00  ,4.999745213432e+04  ,5.007725057984e+04  
  1.993262158233e+01  ,-4.604219744075e-07  ,0.000000000000e+00  ,4.999745215572e+04  ,5.007727682673e+04  
  1.993263845244e+01  ,-3.606484727525e-07  ,0.000000000000e+00  ,4.999745219851e+04  ,5.007731756830e+04  
  1.993267219268e+01  ,-4.601569554563e-07  ,0.000000000000e+00  ,4.999745228409e+04  ,5.007739901901e+04  
  1.993273967315e+01  ,-4.266128340313e-07  ,0.000000000000e+00  ,4.999745245521e+04  ,5.007739594677e+04  
  1.993275654326e+01  ,-4.287046319051e-07  ,0.000000000000e+00  ,4.999745249799e+04  ,5.007739594678e+04  
  1.993279028350e+01  ,-3.417022780283e-07  ,0.000000000000e+00  ,4.999745258352e+04  ,5.007750074551e+04  
  1.993279871856e+01  ,-4.600812251732e-07  ,0.000000000000e+00  ,4.999745260491e+04  ,5.007752656655e+04  
  1.993281558867e+01  ,-3.614469898938e-07  ,0.000000000000e+00  ,4.999745264767e+04  ,5.007756669098e+04  
  1.993284932891e+01  ,-4.598889081497e-07  ,0.000000000000e+00  ,4.999745273318e+04  ,5.007764691733e+04  
  1.993291680938e+01  ,-3.620730900933e-07  ,0.000000000000e+00  ,4.999745290418e+04  ,5.007780555179e+04  
  1.993305177031e+01  ,-4.597340099166e-07  ,0.000000000000e+00  ,4.999745324603e+04  ,5.007812282816e+04  
  1.993332169219e+01  ,-4.264682182120e-07  ,0.000000000000e+00  ,4.999745392915e+04  ,5.007811049631e+04  
  1.993333012725e+01  ,-4.285508330704e-07  ,0.000000000000e+00  ,4.999745395048e+04  ,5.007811049728e+04  
  1.993334699736e+01  ,-3.493010486133e-07  ,0.000000000000e+00  ,4.999745399315e+04  ,5.007815806208e+04  
  1.993335121489e+01  ,-4.565066031581e-07  ,0.000000000000e+00  ,4.999745400382e+04  ,5.007816971459e+04  
  1.993335964995e+01  ,-3.663053118330e-07  ,0.000000000000e+00  ,4.999745402515e+04  ,5.007818803966e+04  
  1.993337652007e+01  ,-4.583702719330e-07  ,0.000000000000e+00  ,4.999745406781e+04  ,5.007822481898e+04  
  1.993341026030e+01  ,-3.673502378954e-07  ,0.000000000000e+00  ,4.999745415313e+04  ,5.007829705743e+04  
  1.993347774077e+01  ,-4.583366130795e-07  ,0.000000000000e+00  ,4.999745432373e+04  ,5.007844154678e+04  
  1.993361270171e+01  ,-4.263598068488e-07  ,0.000000000000e+00  ,4.999745466478e+04  ,5.007843495159e+04  
  1.993364644194e+01  ,-4.285677076277e-07  ,0.000000000000e+00  ,4.999745475002e+04  ,5.007843495161e+04  
  1.993371392241e+01  ,-3.517491722893e-07  ,0.000000000000e+00  ,4.999745492045e+04  ,5.007861806936e+04  
  1.993371603118e+01  ,-4.528791007208e-07  ,0.000000000000e+00  ,4.999745492577e+04  ,5.007862362255e+04  
  1.993372024871e+01  ,-3.671670512628e-07  ,0.000000000000e+00  ,4.999745493642e+04  ,5.007863246349e+04  
  1.993372868377e+01  ,-4.568822270234e-07  ,0.000000000000e+00  ,4.999745495772e+04  ,5.007865037755e+04  
  1.993373079253e+01  ,-3.685825254729e-07  ,0.000000000000e+00  ,4.999745496305e+04  ,5.007865474859e+04  
  1.993373501006e+01  ,-4.577276721818e-07  ,0.000000000000e+00  ,4.999745497370e+04  ,5.007866350541e+04  
  1.993373606444e+01  ,-3.685485072125e-07  ,0.000000000000e+00  ,4.999745497636e+04  ,5.007866569324e+04  
  1.993373817321e+01  ,-4.577280007523e-07  ,0.000000000000e+00  ,4.999745498168e+04  ,5.007867006850e+04  
  1.993373870040e+01  ,-3.696683749943e-07  ,0.000000000000e+00  ,4.999745498301e+04  ,5.007867114159e+04  
  1.993373975478e+01  ,-4.571239846374e-07  ,0.000000000000e+00  ,4.999745498568e+04  ,5.007867328517e+04  
  1.993373975890e+01  ,-4.171663215147e-07  ,0.000000000000e+00  ,4.999745498569e+04  ,5.007867328495e+04  
  1.993373976714e+01  ,-4.120479902281e-07  ,0.000000000000e+00  ,4.999745498571e+04  ,5.007867328495e+04  
  1.993373978361e+01  ,-4.277213227211e-07  ,0.000000000000e+00  ,4.999745498575e+04  ,5.007867328495e+04  
  1.993373978552e+01  ,-4.277263697117e-07  ,0.000000000000e+00  ,4.999745498575e+04  ,5.007867328495e+04  
  1.993373978933e+01  ,-4.277604688796e-07  ,0.000000000000e+00  ,4.999745498576e+04  ,5.007867328495e+04  
  1.993373979695e+01  ,-4.278985561157e-07  ,0.000000000000e+00  ,4.999745498578e+04  ,5.007867328495e+04  
  1.993373981219e+01  ,-4.278298764704e-07  ,0.000000000000e+00  ,4.999745498582e+04  ,5.007867328495e+04  
  1.993373983376e+01  ,-4.278043952421e-07  ,0.000000000000e+00  ,4.999745498588e+04  ,5.007867328495e+04  
  1.993373987692e+01  ,-4.277009411913e-07  ,0.000000000000e+00  ,4.999745498599e+04  ,5.007867328495e+04  
  1.993373996323e+01  ,-4.276086237875e-07  ,0.000000000000e+00  ,4.999745498620e+04  ,5.007867328495e+04  
  1.993374013584e+01  ,-4.274728599152e-07  ,0.000000000000e+00  ,4.999745498664e+04  ,5.007867328495e+04  
  1.993374048107e+01  ,-4.274384749203e-07  ,0.000000000000e+00  ,4.999745498751e+04  ,5.007867328495e+04  
  1.993374117153e+01  ,-4.274183281194e-07  ,0.000000000000e+00  ,4.999745498925e+04  ,5.007867328495e+04  
  1.993374255245e+01  ,-4.274429806495e-07  ,0.000000000000e+00  ,4.999745499274e+04  ,5.007867328495e+04  
  1.993374531429e+01  ,-4.274238677993e-07  ,0.000000000000e+00  ,4.999745499971e+04  ,5.007867328495e+04  
  1.993375083797e+01  ,-4.274481235356e-07  ,0.000000000000e+00  ,4.999745501366e+04  ,5.007867328495e+04  
  1.993376188534e+01  ,-4.274253289360e-07  ,0.000000000000e+00  ,4.999745504155e+04  ,5.007867328496e+04  
  1.993378398006e+01  ,-4.274429090956e-07  ,0.000000000000e+00  ,4.999745509734e+04  ,5.007867328497e+04  
  1.993382816952e+01  ,-4.274104100088e-07  ,0.000000000000e+00  ,4.999745520888e+04  ,5.007867328499e+04  
  1.993391654842e+01  ,-4.274124978110e-07  ,0.000000000000e+00  ,4.999745543192e+04  ,5.007867328503e+04  
  1.993409330624e+01  ,-4.273496483354e-07  ,0.000000000000e+00  ,4.999745587774e+04  ,5.007867328512e+04  
  1.993444682186e+01  ,-4.272909916170e-07  ,0.000000000000e+00  ,4.999745676841e+04  ,5.007867328530e+04  
  1.993515385311e+01  ,-4.271065672246e-07  ,0.000000000000e+00  ,4.999745854581e+04  ,5.007867328565e+04  
  1.993656791561e+01  ,-4.268049773604e-07  ,0.000000000000e+00  ,4.999746208496e+04  ,5.007867328636e+04  
  1.993939604061e+01  ,-4.261342372580e-07  ,0.000000000000e+00  ,4.999746910089e+04  ,5.007867328777e+04  
  1.994505229061e+01  ,-4.248609024871e-07  ,0.000000000000e+00  ,4.999748288544e+04  ,5.007867329059e+04  
  1.995636479061e+01  ,-4.222449749847e-07  ,0.000000000000e+00  ,4.999750948210e+04  ,5.007791525290e+04  
  1.997898979061e+01  ,-4.170840290918e-07  ,0.000000000000e+00  ,4.999755891266e+04  ,5.007600465368e+04  
  2.000000000001e+01  ,-4.122436794707e-07  ,2.666903734886e-10  ,4.999760048413e+04  ,5.007542210408e+04  
  2.000300000001e+01  ,-4.115713289898e-07  ,1.000000002400e-01  ,4.999760604909e+04  ,5.007536377661e+04  
  2.000314857273e+01  ,-4.115375416558e-07  ,1.049524243767e-01  ,4.999760632460e+04  ,5.007536089195e+04  
  2.000344574070e+01  ,-4.114703786307e-07  ,1.148580233351e-01  ,4.999760687505e+04  ,5.007535514579e+04  
  2.000375128730e+01  ,-4.114023288149e-07  ,1.250429100001e-01  ,4.999760744020e+04  ,5.007534927017e+04  
  2.000387791535e+01  ,-4.113748488244e-07  ,1.292638450001e-01  ,4.999760767417e+04  ,5.007534684473e+04  
  2.000399331130e+01  ,-4.113512936388e-07  ,1.331103766667e-01  ,4.999760788726e+04  ,5.007534463929e+04  
  2.000399331140e+01  ,-4.113409162454e-07  ,1.331103800001e-01  ,4.999760788726e+04  ,5.007534463929e+04  
  2.000409568640e+01  ,-4.114511273634e-07  ,1.365228800000e-01  ,4.999760807621e+04  ,5.007534267869e+04  
  2.000415540520e+01  ,-4.117401095349e-07  ,1.385135066667e-01  ,4.999760818639e+04  ,5.007534154128e+04  
  2.000428778210e+01  ,-4.123631019703e-07  ,1.429260700000e-01  ,4.999760843050e+04  ,5.007533902439e+04  
  2.000450741220e+01  ,-4.133397743800e-07  ,1.502470733334e-01  ,4.999760883517e+04  ,5.007533486178e+04  
  2.000557284189e+01  ,-4.837826416138e-07  ,1.857613962501e-01  ,4.999761079213e+04  ,5.007531489842e+04  
  2.000578791010e+01  ,-5.244731334786e-07  ,1.929303366667e-01  ,4.999761118593e+04  ,5.007531091442e+04  
  2.000639076220e+01  ,-7.695804079555e-07  ,2.130254066667e-01  ,4.999761228761e+04  ,5.007529982663e+04  
  2.000650254450e+01  ,-8.698283255337e-07  ,2.167514833334e-01  ,4.999761249153e+04  ,5.007529778353e+04  
  2.000659013550e+01  ,-9.799795470666e-07  ,2.196711833334e-01  ,4.999761265124e+04  ,5.007529618537e+04  
  2.000710539710e+01  ,-1.526657990962e-02  ,2.368465700001e-01  ,4.999761359305e+04  ,5.007528683278e+04  
  2.000713035670e+01  ,-2.761524723428e-02  ,2.376785566666e-01  ,4.999761363894e+04  ,5.007528638185e+04  
  2.000714977070e+01  ,-3.732351093640e-02  ,2.383256900000e-01  ,4.999761367482e+04  ,5.007528603124e+04  
  2.000716440610e+01  ,-4.468036685284e-02  ,2.388135366666e-01  ,4.999761370199e+04  ,5.007528576701e+04  
  2.000717269950e+01  ,-4.888082441539e-02  ,2.390899833333e-01  ,4.999761371743e+04  ,5.007528561731e+04  
  2.000717797190e+01  ,-5.155734710206e-02  ,2.392657300000e-01  ,4.999761372726e+04  ,5.007528552215e+04  
  2.000719659890e+01  ,-6.109905392805e-02  ,2.398866300001e-01  ,4.999761376210e+04  ,5.007528518602e+04  
  2.000720856000e+01  ,-6.728901578026e-02  ,2.402853333334e-01  ,4.999761378456e+04  ,5.007528497024e+04  
  2.000720934450e+01  ,-6.769982542755e-02  ,2.403114833334e-01  ,4.999761378604e+04  ,5.007528495609e+04  
  2.000720939130e+01  ,-6.772196018574e-02  ,2.403130433334e-01  ,4.999761378613e+04  ,5.007528495525e+04  
  2.000720939140e+01  ,-6.772330956301e-02  ,2.403130466667e-01  ,4.999761378613e+04  ,5.007528495525e+04  
  2.000720957706e+01  ,-6.781921697984e-02  ,2.403192352182e-01  ,4.999761378647e+04  ,5.007528495188e+04  
  2.000720976271e+01  ,-6.791671468090e-02  ,2.403254237697e-01  ,4.999761378682e+04  ,5.007528494853e+04  
  2.000721013403e+01  ,-6.810913777008e-02  ,2.403378008729e-01  ,4.999761378752e+04  ,5.007528494184e+04  
  2.000721087665e+01  ,-6.849702548061e-02  ,2.403625550793e-01  ,4.999761378892e+04  ,5.007528492844e+04  
  2.000721236190e+01  ,-6.927058841393e-02  ,2.404120634920e-01  ,4.999761379171e+04  ,5.007528490165e+04  
  2.000721533241e+01  ,-7.082366935356e-02  ,2.405110803173e-01  ,4.999761379731e+04  ,5.007528484807e+04  
  2.000721977370e+01  ,-7.315077855310e-02  ,2.406591233334e-01  ,4.999761380568e+04  ,5.007528476797e+04  
  2.000722012020e+01  ,-7.333391921566e-02  ,2.406706733333e-01  ,4.999761380633e+04  ,5.007528476172e+04  
  2.000722012180e+01  ,-7.333284478227e-02  ,2.406707266666e-01  ,4.999761380634e+04  ,5.007528476169e+04  
  2.000722012190e+01  ,-7.333482515241e-02  ,2.406707300000e-01  ,4.999761380634e+04  ,5.007528476169e+04  
  2.000722023696e+01  ,-7.339399400371e-02  ,2.406745653603e-01  ,4.999761380655e+04  ,5.007528475961e+04  
  2.000722035202e+01  ,-7.345580048423e-02  ,2.406784007205e-01  ,4.999761380677e+04  ,5.007528475753e+04  
  2.000722058214e+01  ,-7.357535661140e-02  ,2.406860714410e-01  ,4.999761380720e+04  ,5.007528475338e+04  
  2.000722104239e+01  ,-7.381872576661e-02  ,2.407014128818e-01  ,4.999761380807e+04  ,5.007528474508e+04  
  2.000722196287e+01  ,-7.430153754103e-02  ,2.407320957635e-01  ,4.999761380981e+04  ,5.007528472848e+04  
  2.000722380385e+01  ,-7.527265564568e-02  ,2.407934615268e-01  ,4.999761381328e+04  ,5.007528469528e+04  
  2.000722748579e+01  ,-7.721562423103e-02  ,2.409161930535e-01  ,4.999761382024e+04  ,5.007528462888e+04  
  2.000723484968e+01  ,-8.112668879039e-02  ,2.411616561069e-01  ,4.999761383416e+04  ,5.007528449610e+04  
  2.000724957747e+01  ,-8.903358256066e-02  ,2.416525822137e-01  ,4.999761386210e+04  ,5.007528423059e+04  
  2.000727903303e+01  ,-1.052523768740e-01  ,2.426344344272e-01  ,4.999761391830e+04  ,5.007528369977e+04  
  2.000733794417e+01  ,-1.395223383588e-01  ,2.445981388542e-01  ,4.999761403206e+04  ,5.007528263893e+04  
  2.000745576643e+01  ,-1.744548848073e-01  ,2.485255477084e-01  ,4.999761426331e+04  ,5.007528052046e+04  
  2.000769141096e+01  ,-1.740629499400e-01  ,2.563803654168e-01  ,4.999761472923e+04  ,5.007527629628e+04  
  2.000816270003e+01  ,-1.742384023528e-01  ,2.720900008334e-01  ,4.999761565951e+04  ,5.007526789847e+04  
  2.000910527815e+01  ,-1.736274848226e-01  ,3.035092716667e-01  ,4.999761751381e+04  ,5.007525130112e+04  
  2.001099043440e+01  ,-1.732682897709e-01  ,3.663478133334e-01  ,4.999762119735e+04  ,5.007521886948e+04  
  2.001363730940e+01  ,-1.721157780266e-01  ,4.545769800001e-01  ,4.999762631314e+04  ,5.007517495505e+04  
  2.001595059065e+01  ,2.962135454582e-01  ,5.316863550001e-01  ,4.995769265513e+04  ,5.007513802785e+04  
  2.001820410628e+01  ,3.646184987156e-01  ,6.068035425001e-01  ,4.988682215728e+04  ,5.007510326404e+04  
  2.002271113753e+01  ,4.557061157539e-01  ,7.570379175001e-01  ,4.977299526931e+04  ,5.007503698355e+04  
  2.003000000001e+01  ,6.434056817670e-01  ,1.000000000000e+00  ,4.963498551134e+04  ,5.007493786473e+04  
  2.003090140626e+01  ,6.360666642431e-01  ,1.000000000000e+00  ,4.962071595486e+04  ,5.007492631504e+04  
  2.003270414063e+01  ,6.357965953648e-01  ,1.000000000000e+00  ,4.959218280341e+04  ,5.007490346631e+04  
  2.003630960938e+01  ,6.357306702994e-01  ,1.000000000000e+00  ,4.953515442395e+04  ,5.007485920511e+04  
  2.004352054688e+01  ,6.351339019020e-01  ,1.000000000000e+00  ,4.942124953594e+04  ,5.007477587668e+04  
  2.005794242188e+01  ,6.343983177794e-01  ,1.000000000000e+00  ,4.919404531662e+04  ,5.007462650760e+04  
  2.008678617188e+01  ,6.324612318422e-01  ,1.000000000000e+00  ,4.874204754763e+04  ,5.007437829069e+04  
  2.010000000001e+01  ,6.317915961263e-01  ,1.000000000000e+00  ,4.853604867536e+04  ,5.007428239104e+04  
  2.010576875001e+01  ,6.313516069204e-01  ,1.000000000000e+00  ,4.844638832592e+04  ,5.007424247703e+04  
  2.011730625001e+01  ,6.306249109912e-01  ,1.000000000000e+00  ,4.826732059565e+04  ,5.007416269187e+04  
  2.014038125001e+01  ,6.291671374929e-01  ,1.000000000000e+00  ,4.791069818512e+04  ,5.007400337846e+04  
  2.018653125001e+01  ,6.262295231572e-01  ,1.000000000000e+00  ,4.720346008429e+04  ,5.007368577645e+04  
  2.027883125001e+01  ,6.202693388914e-01  ,1.000000000000e+00  ,4.581267170346e+04  ,5.007305464983e+04  
  2.046343125001e+01  ,6.080002125818e-01  ,1.000000000000e+00  ,4.312370590312e+04  ,5.007180853274e+04  
  2.083263125001e+01  ,5.820779462229e-01  ,1.000000000000e+00  ,3.810740927831e+04  ,5.006937948170e+04  
  2.157103125001e+01  ,5.256905256538e-01  ,1.000000000000e+00  ,2.954290294375e+04  ,5.006476362620e+04  
  2.237103125001e+01  ,4.625584674650e-01  ,1.000000000000e+00  ,2.252351022386e+04  ,5.006010812785e+04  
  2.317103125001e+01  ,4.056608507817e-01  ,1.000000000000e+00  ,1.770507291300e+04  ,5.005578710657e+04  
  2.397103125001e+01  ,3.610885969247e-01  ,1.000000000000e+00  ,1.462673221089e+04  ,5.005177656060e+04  
  2.477103125001e+01  ,3.297633592738e-01  ,1.000000000000e+00  ,1.274407186901e+04  ,5.004805420649e+04  
  2.500000000001e+01  ,3.230596901558e-01  ,1.000000000000e+00  ,1.236690452851e+04  ,5.004703936063e+04  
  2.500300000001e+01  ,2.853064998635e-01  ,8.999999997600e-01  ,1.236177592425e+04  ,5.004702620941e+04  
  2.500900000001e+01  ,2.106206819881e-01  ,6.999999997600e-01  ,1.234990561862e+04  ,5.004699991433e+04  
  2.502100000001e+01  ,-1.153998788213e-01  ,2.999999997600e-01  ,1.242827146771e+04  ,5.004694736824e+04  
  2.502212500001e+01  ,-1.155569973052e-01  ,2.624999997566e-01  ,1.244548715115e+04  ,5.004694244505e+04  
  2.502291250001e+01  ,-1.155229164142e-01  ,2.362499997809e-01  ,1.245752494885e+04  ,5.004693899926e+04  
  2.502448750001e+01  ,-1.155723749907e-01  ,1.837499997810e-01  ,1.248158586158e+04  ,5.004693210817e+04  
  2.502488125001e+01  ,-1.155813687001e-01  ,1.706249997809e-01  ,1.248759649641e+04  ,5.004693038556e+04  
  2.502566875001e+01  ,-1.156063230737e-01  ,1.443749997809e-01  ,1.249961225401e+04  ,5.004692694053e+04  
  2.502586562501e+01  ,-1.156129120500e-01  ,1.378124997809e-01  ,1.250261506474e+04  ,5.004692607931e+04  
  2.502625937501e+01  ,-1.143872728062e-01  ,1.246874997809e-01  ,1.250861647204e+04  ,5.004692435691e+04  
  2.502704687501e+01  ,-4.281618102286e-07  ,9.843749978083e-02  ,1.252008658289e+04  ,5.004692091232e+04  
  2.502862187501e+01  ,-3.251690809669e-07  ,4.593749978087e-02  ,1.254196381894e+04  ,5.004691402389e+04  
  2.503000000001e+01  ,-3.506608782511e-07  ,0.000000000000e+00  ,1.256108604854e+04  ,5.004690799734e+04  
  2.503026578126e+01  ,-3.405317824390e-07  ,0.000000000000e+00  ,1.256477135663e+04  ,5.004690683518e+04  
  2.503079732423e+01  ,-3.354656213650e-07  ,0.000000000000e+00  ,1.257214028975e+04  ,5.004690451101e+04  
  2.503186041016e+01  ,-3.366347466061e-07  ,0.000000000000e+00  ,1.258686969228e+04  ,5.004689986300e+04  
  2.503398658204e+01  ,-3.361087178022e-07  ,0.000000000000e+00  ,1.261629473911e+04  ,5.004689056837e+04  
  2.503823892579e+01  ,-3.367552552092e-07  ,0.000000000000e+00  ,1.267501056557e+04  ,5.004687198463e+04  
  2.504674361329e+01  ,-3.368903505885e-07  ,0.000000000000e+00  ,1.279191117743e+04  ,5.004683483923e+04  
  2.506375298829e+01  ,-3.382428358512e-07  ,0.000000000000e+00  ,1.302363493462e+04  ,5.004676063668e+04  
  2.509777173829e+01  ,-3.395708581266e-07  ,0.000000000000e+00  ,1.347912353587e+04  ,5.004661258385e+04  
  2.516580923829e+01  ,-3.432416624816e-07  ,0.000000000000e+00  ,1.436075806918e+04  ,5.004631788168e+04  
  2.530188423829e+01  ,-3.481618437717e-07  ,0.000000000000e+00  ,1.602270618038e+04  ,5.004573404719e+04  
  2.557403423829e+01  ,-3.566314782932e-07  ,0.000000000000e+00  ,1.902963235634e+04  ,5.004458830924e+04  
  2.600000000001e+01  ,-3.644440279282e-07  ,0.000000000000e+00  ,2.311889272318e+04  ,5.004285221080e+04  
  2.600300000001e+01  ,-3.647094020676e-07  ,1.000000002400e-01  ,2.314541912377e+04  ,5.004284022980e+04  
  2.600900000001e+01  ,-1.291571403563e-01  ,3.000000002400e-01  ,2.320125345935e+04  ,5.004281627449e+04  
  2.602100000001e+01  ,3.088420889981e-01  ,7.000000002400e-01  ,2.319163836105e+04  ,5.004276840403e+04  
  2.603000000001e+01  ,4.687590159883e-01  ,1.000000000000e+00  ,2.310640675157e+04  ,5.004273253630e+04  
  2.603209593751e+01  ,4.683051578759e-01  ,1.000000000000e+00  ,2.309055745002e+04  ,5.004272418849e+04  
  2.603324300782e+01  ,4.683066617581e-01  ,1.000000000000e+00  ,2.308188863369e+04  ,5.004271962036e+04  
  2.603553714845e+01  ,4.681697626656e-01  ,1.000000000000e+00  ,2.306456066734e+04  ,5.004271048509e+04  
  2.604001527345e+01  ,4.677983749134e-01  ,1.000000000000e+00  ,2.303079116836e+04  ,5.004269265881e+04  
  2.604897152345e+01  ,4.671298496251e-01  ,1.000000000000e+00  ,2.296346701064e+04  ,5.004265702856e+04  
  2.606688402345e+01  ,4.657334083167e-01  ,1.000000000000e+00  ,2.282967676859e+04  ,5.004258585720e+04  
  2.610270902345e+01  ,4.630068152037e-01  ,1.000000000000e+00  ,2.256551253768e+04  ,5.004244387030e+04  
  2.617435902345e+01  ,4.575413721905e-01  ,1.000000000000e+00  ,2.205072015143e+04  ,5.004216131385e+04  
  2.631765902345e+01  ,4.468501555093e-01  ,1.000000000000e+00  ,2.107414609241e+04  ,5.004160182343e+04  
  2.660425902345e+01  ,4.263013833552e-01  ,1.000000000000e+00  ,1.932275049413e+04  ,5.004050496237e+04  
  2.717745902345e+01  ,3.895768245857e-01  ,1.000000000000e+00  ,1.653316743357e+04  ,5.003839684464e+04  
  2.797745902345e+01  ,3.494437345071e-01  ,1.000000000000e+00  ,1.390308935197e+04  ,5.003563611055e+04  
  2.877745902345e+01  ,3.220297874068e-01  ,1.000000000000e+00  ,1.230927411158e+04  ,5.003307382774e+04  
  2.957745902345e+01  ,3.043905188097e-01  ,1.000000000000e+00  ,1.136004101338e+04  ,5.003069574099e+04  
  3.037745902345e+01  ,2.935005836480e-01  ,1.000000000000e+00  ,1.079919952682e+04  ,5.002848861767e+04  
  3.100000000001e+01  ,2.881165720755e-01  ,1.000000000000e+00  ,1.053005078249e+04  ,5.002688175436e+04  
  3.100300000001e+01  ,2.542834609776e-01  ,8.999999997600e-01  ,1.052889278102e+04  ,5.002687423774e+04  
  3.100900000001e+01  ,1.875925394561e-01  ,6.999999997600e-01  ,1.052621534306e+04  ,5.002685920871e+04  
  3.102100000001e+01  ,-1.111053846762e-01  ,2.999999997600e-01  ,1.062427694869e+04  ,5.002682917585e+04  
  3.102212500001e+01  ,-1.112726623032e-01  ,2.624999997566e-01  ,1.064322529145e+04  ,5.002682636199e+04  
  3.102291250001e+01  ,-1.112504726771e-01  ,2.362499997809e-01  ,1.065647166278e+04  ,5.002682439254e+04  
  3.102448750001e+01  ,-1.113211977499e-01  ,1.837499997810e-01  ,1.068294490514e+04  ,5.002682045392e+04  
  3.102488125001e+01  ,-1.113351871973e-01  ,1.706249997809e-01  ,1.068955711647e+04  ,5.002681946936e+04  
  3.102566875001e+01  ,-1.113692431900e-01  ,1.443749997809e-01  ,1.070277422287e+04  ,5.002681750034e+04  
  3.102586562501e+01  ,-1.113782559914e-01  ,1.378124997809e-01  ,1.070607699231e+04  ,5.002681700811e+04  
  3.102625937501e+01  ,-1.101012633662e-01  ,1.246874997809e-01  ,1.071267743913e+04  ,5.002681602367e+04  
  3.102704687501e+01  ,-4.156003106381e-07  ,9.843749978083e-02  ,1.072531068357e+04  ,5.002681405490e+04  
  3.102862187501e+01  ,-3.175721080551e-07  ,4.593749978087e-02  ,1.074944295906e+04  ,5.002681011780e+04  
  3.103000000001e+01  ,-3.416787338062e-07  ,0.000000000000e+00  ,1.077053138754e+04  ,5.002680667332e+04  
  3.103026578126e+01  ,-3.320156705122e-07  ,0.000000000000e+00  ,1.077459502474e+04  ,5.002680600908e+04  
  3.103079732423e+01  ,-3.272502357987e-07  ,0.000000000000e+00  ,1.078272010839e+04  ,5.002680468069e+04  
  3.103186041016e+01  ,-3.283748227501e-07  ,0.000000000000e+00  ,1.079895893868e+04  ,5.002680202412e+04  
  3.103398658204e+01  ,-3.279283675439e-07  ,0.000000000000e+00  ,1.083139140890e+04  ,5.002679671175e+04  
  3.103823892579e+01  ,-3.286317699080e-07  ,0.000000000000e+00  ,1.089607683601e+04  ,5.002678609017e+04  
  3.104674361329e+01  ,-3.289485050184e-07  ,0.000000000000e+00  ,1.102473942843e+04  ,5.002676485964e+04  
  3.106375298829e+01  ,-3.305829502920e-07  ,0.000000000000e+00  ,1.127930694071e+04  ,5.002672244905e+04  
  3.109777173829e+01  ,-3.324876981237e-07  ,0.000000000000e+00  ,1.177797096852e+04  ,5.002663782928e+04  
  3.116580923829e+01  ,-3.370661922075e-07  ,0.000000000000e+00  ,1.273730654269e+04  ,5.002646939228e+04  
  3.130188423829e+01  ,-3.433562374977e-07  ,0.000000000000e+00  ,1.452818748298e+04  ,5.002613570312e+04  
  3.157403423829e+01  ,-3.533984780091e-07  ,0.000000000000e+00  ,1.772553333151e+04  ,5.002548086481e+04  
  3.211833423829e+01  ,-3.644135382064e-07  ,0.000000000000e+00  ,2.310609086473e+04  ,5.002421979761e+04  
  3.291833423829e+01  ,-3.740028353405e-07  ,0.000000000000e+00  ,2.943710030112e+04  ,5.002247828006e+04  
  3.371833423829e+01  ,-3.787407368283e-07  ,0.000000000000e+00  ,3.445815611802e+04  ,5.002086198439e+04  
  3.451833423829e+01  ,-3.825724890494e-07  ,0.000000000000e+00  ,3.844869044979e+04  ,5.001936191072e+04  
  3.531833423829e+01  ,-3.842759364325e-07  ,0.000000000000e+00  ,4.156237724933e+04  ,5.001796970542e+04  
  3.611833423829e+01  ,-3.862903304452e-07  ,0.000000000000e+00  ,4.393298044554e+04  ,5.001667761481e+04  
  3.691833423829e+01  ,-3.868044602118e-07  ,0.000000000000e+00  ,4.569475662416e+04  ,5.001547844214e+04  
  3.771833423829e+01  ,-3.880337897111e-07  ,0.000000000000e+00  ,4.697635697710e+04  ,5.001436550765e+04  
  3.851833423829e+01  ,-3.879916856409e-07  ,0.000000000000e+00  ,4.789325663798e+04  ,5.001333261145e+04  
  3.931833423829e+01  ,-3.888510796690e-07  ,0.000000000000e+00  ,4.854062845423e+04  ,5.001237399913e+04  
  4.000000000000e+01  ,-3.885237799262e-07  ,0.000000000000e+00  ,4.893527358667e+04  ,5.001161187380e+04  
