  Time                 , V(VS)                , (V(MH:+)-V(MH:-))  / I(MH:+)
  0.000000000000e+00  ,9.002319406720e-01  ,4.996409459192e+04  
  1.000000000000e-04  ,9.471144749290e-01  ,4.996239668955e+04  
  2.000000000000e-04  ,1.029630420850e+00  ,4.996085014086e+04  
  4.000000000000e-04  ,9.002319406720e-01  ,4.995752974606e+04  
  6.490722656250e-04  ,9.148747215186e-01  ,4.995322684116e+04  
  9.017089843750e-04  ,9.540482802820e-01  ,4.994893984323e+04  
  1.406982421875e-03  ,9.720053712577e-01  ,4.994052909152e+04  
  2.417529296875e-03  ,9.510574663533e-01  ,4.992371662976e+04  
  4.438623046875e-03  ,1.097058015687e+00  ,4.989221370318e+04  
  8.480810546875e-03  ,9.637836848048e-01  ,4.982981173894e+04  
  1.504331054687e-02  ,1.086846522416e+00  ,4.972809719983e+04  
  2.129487304687e-02  ,9.357249671926e-01  ,4.962457644749e+04  
  3.129487304687e-02  ,1.071514023255e+00  ,4.947103917328e+04  
  4.129487304687e-02  ,9.069704275643e-01  ,4.930244353154e+04  
  5.129487304688e-02  ,9.017151402326e-01  ,4.912833310528e+04  
  6.129487304688e-02  ,1.025351725822e+00  ,4.896872416990e+04  
  7.129487304687e-02  ,9.971770378735e-01  ,4.881413060809e+04  
  8.129487304687e-02  ,9.545976134526e-01  ,4.865349281517e+04  
  9.129487304687e-02  ,1.060435804315e+00  ,4.850286951165e+04  
  1.012948730469e-01  ,9.182927945799e-01  ,4.834456013620e+04  
  1.112948730469e-01  ,9.896023438215e-01  ,4.818733860528e+04  
  1.212948730469e-01  ,1.028031250954e+00  ,4.803514320983e+04  
  1.312948730469e-01  ,1.094653157140e+00  ,4.789163930247e+04  
  1.412948730469e-01  ,1.032175664541e+00  ,4.774790488713e+04  
  1.512948730469e-01  ,1.058122501297e+00  ,4.760179069993e+04  
  1.612948730469e-01  ,1.012656025880e+00  ,4.745252325042e+04  
  1.712948730469e-01  ,9.080751976073e-01  ,4.728920377142e+04  
  1.812948730469e-01  ,1.076281014435e+00  ,4.713395188442e+04  
  1.912948730469e-01  ,9.136722922452e-01  ,4.697975450093e+04  
  2.012948730469e-01  ,9.593585009308e-01  ,4.682249028329e+04  
  2.112948730469e-01  ,1.097015289773e+00  ,4.667928525530e+04  
  2.212948730469e-01  ,9.149296548357e-01  ,4.652781635049e+04  
  2.312948730469e-01  ,9.036011841182e-01  ,4.636002769253e+04  
  2.412948730469e-01  ,9.051271095920e-01  ,4.619212208084e+04  
  2.512948730469e-01  ,1.013449507126e+00  ,4.603448609360e+04  
  2.612948730469e-01  ,1.003195287942e+00  ,4.588651365198e+04  
  2.712948730469e-01  ,1.029624317148e+00  ,4.574118716016e+04  
  2.812948730469e-01  ,1.044114505448e+00  ,4.559846474203e+04  
  2.912948730469e-01  ,9.770104068117e-01  ,4.544952118355e+04  
  3.012948730469e-01  ,9.760277108066e-01  ,4.529756294667e+04  
  3.112948730469e-01  ,9.052919095431e-01  ,4.513913751816e+04  
  3.212948730469e-01  ,1.080260628071e+00  ,4.499646679603e+04  
  3.312948730469e-01  ,9.419812616352e-01  ,4.484432532195e+04  
  3.412948730469e-01  ,1.072264778588e+00  ,4.470343980662e+04  
  3.512948730469e-01  ,1.009176915799e+00  ,4.456019996169e+04  
  3.612948730469e-01  ,1.092858668783e+00  ,4.442459993295e+04  
  3.712948730469e-01  ,1.025638599811e+00  ,4.428530029162e+04  
  3.812948730469e-01  ,9.745384075442e-01  ,4.413941882846e+04  
  3.912948730469e-01  ,1.089892269662e+00  ,4.399921186207e+04  
  4.012948730469e-01  ,9.462538529618e-01  ,4.385686430480e+04  
  4.112948730469e-01  ,1.004165776543e+00  ,4.371396219086e+04  
  4.212948730469e-01  ,9.465651417585e-01  ,4.356455486352e+04  
  4.312948730469e-01  ,1.079473250526e+00  ,4.342717769568e+04  
  4.412948730469e-01  ,9.749473555712e-01  ,4.328344974099e+04  
  4.512948730469e-01  ,9.824304940947e-01  ,4.313867700539e+04  
  4.612948730469e-01  ,1.048857081820e+00  ,4.300065225485e+04  
  4.712948730469e-01  ,9.711020233772e-01  ,4.286009395778e+04  
  4.812948730469e-01  ,9.752525406659e-01  ,4.271414865217e+04  
  4.912948730469e-01  ,9.438001648000e-01  ,4.256516374018e+04  
  5.012948730469e-01  ,9.142277291177e-01  ,4.241174818178e+04  
  5.112948730469e-01  ,1.017581713309e+00  ,4.226517442715e+04  
  5.212948730469e-01  ,1.034977263710e+00  ,4.212913336419e+04  
  5.312948730469e-01  ,9.862819299905e-01  ,4.198931139233e+04  
  5.412948730469e-01  ,1.064360484634e+00  ,4.185617416631e+04  
  5.512948730469e-01  ,9.067262794885e-01  ,4.171373579958e+04  
  5.612948730469e-01  ,1.032157353435e+00  ,4.157714506512e+04  
  5.712948730469e-01  ,9.512955107273e-01  ,4.143420270806e+04  
  5.812948730469e-01  ,1.048545793023e+00  ,4.129945050547e+04  
  5.912948730469e-01  ,1.070024719993e+00  ,4.116959349248e+04  
  6.012948730469e-01  ,9.341685232093e-01  ,4.102761702122e+04  
  6.112948730469e-01  ,1.051200903348e+00  ,4.088893320358e+04  
  6.212948730469e-01  ,9.860438856166e-01  ,4.075501342591e+04  
  6.312948730469e-01  ,9.806482131413e-01  ,4.061766385879e+04  
  6.412948730469e-01  ,9.285836359752e-01  ,4.047438117905e+04  
  6.512948730469e-01  ,1.001950132756e+00  ,4.033660371726e+04  
  6.612948730469e-01  ,9.931424909207e-01  ,4.020000985160e+04  
  6.712948730469e-01  ,9.973052156133e-01  ,4.006446868709e+04  
  6.812948730469e-01  ,9.167668691061e-01  ,3.992057409439e+04  
  6.912948730469e-01  ,1.067088839381e+00  ,3.978427968570e+04  
  7.012948730469e-01  ,1.076219977416e+00  ,3.966052431818e+04  
  7.112948730469e-01  ,1.009891048921e+00  ,3.953144529094e+04  
  7.212948730469e-01  ,1.001767021699e+00  ,3.939927177740e+04  
  7.312948730469e-01  ,9.192388683737e-01  ,3.926012442718e+04  
  7.412948730469e-01  ,9.721396526994e-01  ,3.912280274989e+04  
  7.512948730469e-01  ,1.043461409345e+00  ,3.899325305370e+04  
  7.612948730469e-01  ,9.014587847530e-01  ,3.885655354217e+04  
  7.712948730469e-01  ,9.255500961333e-01  ,3.871116853908e+04  
  7.812948730469e-01  ,9.171147801141e-01  ,3.856667940229e+04  
  7.912948730469e-01  ,1.076622821741e+00  ,3.843465779427e+04  
  8.012948730469e-01  ,9.184514908292e-01  ,3.829533775517e+04  
  8.112948730469e-01  ,9.630817590869e-01  ,3.815878300612e+04  
  8.212948730469e-01  ,1.025327311014e+00  ,3.802951052039e+04  
  8.312948730469e-01  ,1.030576494644e+00  ,3.790440284182e+04  
  8.412948730469e-01  ,9.977813043611e-01  ,3.777769633734e+04  
  8.512948730469e-01  ,9.706442457350e-01  ,3.764702621395e+04  
  8.612948730469e-01  ,1.058592486343e+00  ,3.752080142811e+04  
  8.712948730469e-01  ,9.852137821589e-01  ,3.739603992027e+04  
  8.812948730469e-01  ,9.038087099826e-01  ,3.725950337904e+04  
  8.912948730469e-01  ,9.431226538896e-01  ,3.712062677290e+04  
  9.012948730469e-01  ,1.068272957549e+00  ,3.699427728120e+04  
  9.112948730469e-01  ,9.783104953154e-01  ,3.687103475392e+04  
  9.212948730469e-01  ,1.047508163701e+00  ,3.674681559154e+04  
  9.312948730469e-01  ,9.746848963897e-01  ,3.661945515134e+04  
  9.412948730469e-01  ,1.090734580523e+00  ,3.650137363941e+04  
  9.512948730469e-01  ,1.044267097995e+00  ,3.638286317219e+04  
  9.612948730469e-01  ,9.953337199011e-01  ,3.626008288162e+04  
  9.712948730469e-01  ,1.057029938658e+00  ,3.613937703471e+04  
  9.812948730469e-01  ,9.775170140690e-01  ,3.601776191687e+04  
  9.912948730469e-01  ,1.048460341197e+00  ,3.589929098311e+04  
  1.001294873047e+00  ,9.910794396802e-01  ,3.577706444041e+04  
  1.011294873047e+00  ,1.039005706961e+00  ,3.565804811312e+04  
  1.021294873047e+00  ,9.415723136082e-01  ,3.553125412991e+04  
  1.031294873047e+00  ,9.736228522599e-01  ,3.540532626588e+04  
  1.041294873047e+00  ,9.217596972564e-01  ,3.527466324457e+04  
  1.051294873047e+00  ,1.053758354442e+00  ,3.515497548223e+04  
  1.061294873047e+00  ,9.007263405255e-01  ,3.502461637472e+04  
  1.071294873047e+00  ,1.014426099429e+00  ,3.490222785922e+04  
  1.081294873047e+00  ,1.059001434370e+00  ,3.478640715709e+04  
  1.091294873047e+00  ,1.019754631184e+00  ,3.467163220826e+04  
  1.101294873047e+00  ,9.996978667562e-01  ,3.455347677601e+04  
  1.111294873047e+00  ,9.364268929106e-01  ,3.442985690749e+04  
  1.121294873047e+00  ,1.006961272011e+00  ,3.431024772717e+04  
  1.131294873047e+00  ,9.218329416791e-01  ,3.418410650585e+04  
  1.141294873047e+00  ,9.918362987152e-01  ,3.406282846730e+04  
  1.151294873047e+00  ,1.055833613086e+00  ,3.394872371768e+04  
  1.161294873047e+00  ,9.882473220008e-01  ,3.383416835760e+04  
  1.171294873047e+00  ,1.078667561876e+00  ,3.372122022605e+04  
  1.181294873047e+00  ,1.061931211280e+00  ,3.361101833887e+04  
  1.191294873047e+00  ,1.096136356700e+00  ,3.350442832070e+04  
  1.201294873047e+00  ,1.098864711447e+00  ,3.339943327252e+04  
  1.211294873047e+00  ,9.026551103244e-01  ,3.327821598777e+04  
  1.221294873047e+00  ,9.712118900113e-01  ,3.315417755092e+04  
  1.231294873047e+00  ,1.077983947264e+00  ,3.304210550540e+04  
  1.241294873047e+00  ,1.063664662618e+00  ,3.293365722576e+04  
  1.251294873047e+00  ,9.588518936735e-01  ,3.282067975372e+04  
  1.261294873047e+00  ,9.059572130497e-01  ,3.269765528283e+04  
  1.271294873047e+00  ,1.098535111545e+00  ,3.258333343743e+04  
  1.281294873047e+00  ,9.233344523453e-01  ,3.247078288038e+04  
  1.291294873047e+00  ,1.028751487777e+00  ,3.235472907483e+04  
  1.301294873047e+00  ,9.107913449507e-01  ,3.223319484133e+04  
  1.311294873047e+00  ,9.564226203192e-01  ,3.211452114804e+04  
  1.321294873047e+00  ,9.843775749992e-01  ,3.199954127623e+04  
  1.331294873047e+00  ,9.855800042726e-01  ,3.188667704412e+04  
  1.341294873047e+00  ,1.088036744285e+00  ,3.178199780769e+04  
  1.351294873047e+00  ,1.078814050722e+00  ,3.167963017605e+04  
  1.361294873047e+00  ,1.063127536851e+00  ,3.157714441397e+04  
  1.371294873047e+00  ,9.870571001312e-01  ,3.147038074831e+04  
  1.381294873047e+00  ,1.044291512803e+00  ,3.136293209251e+04  
  1.391294873047e+00  ,9.064821314127e-01  ,3.125036184759e+04  
  1.401294873047e+00  ,9.552201910459e-01  ,3.113688057195e+04  
  1.411294873047e+00  ,9.920438245796e-01  ,3.102649512102e+04  
  1.421294873047e+00  ,9.655964842677e-01  ,3.091619393834e+04  
  1.431294873047e+00  ,9.935575426496e-01  ,3.080636617649e+04  
  1.441294873047e+00  ,9.617267372662e-01  ,3.069544663636e+04  
  1.451294873047e+00  ,9.072206793420e-01  ,3.057944515115e+04  
  1.461294873047e+00  ,1.002291940062e+00  ,3.046734016590e+04  
  1.471294873047e+00  ,9.777794732505e-01  ,3.036040491101e+04  
  1.481294873047e+00  ,1.003097628712e+00  ,3.025488405104e+04  
  1.491294873047e+00  ,9.701559495834e-01  ,3.014745702241e+04  
  1.501294873047e+00  ,9.449293496506e-01  ,3.003751557921e+04  
  1.511294873047e+00  ,1.077819147313e+00  ,2.993403809045e+04  
  1.521294873047e+00  ,9.523209326456e-01  ,2.983144949335e+04  
  1.531294873047e+00  ,1.074877162999e+00  ,2.973366697933e+04  
  1.541294873047e+00  ,1.072453993347e+00  ,2.963755374104e+04  
  1.551294873047e+00  ,1.073772392956e+00  ,2.954229574980e+04  
  1.561294873047e+00  ,9.184270760216e-01  ,2.943868792342e+04  
  1.571294873047e+00  ,1.046330149236e+00  ,2.933405653201e+04  
  1.581294873047e+00  ,9.538407544176e-01  ,2.923216509779e+04  
  1.591294873047e+00  ,1.027091280862e+00  ,2.913277148416e+04  
  1.601294873047e+00  ,9.116580706198e-01  ,2.902522469432e+04  
  1.611294873047e+00  ,9.698995941038e-01  ,2.892019594905e+04  
  1.621294873047e+00  ,1.084624774926e+00  ,2.882427895415e+04  
  1.631294873047e+00  ,1.096270638142e+00  ,2.873361107813e+04  
  1.641294873047e+00  ,1.021530808435e+00  ,2.864016240055e+04  
  1.651294873047e+00  ,9.822473830378e-01  ,2.854127678514e+04  
  1.661294873047e+00  ,9.392834253975e-01  ,2.843806590274e+04  
  1.671294873047e+00  ,9.043885616626e-01  ,2.833043635170e+04  
  1.681294873047e+00  ,9.389904477065e-01  ,2.822322918911e+04  
  1.691294873047e+00  ,1.029734183782e+00  ,2.812378585477e+04  
  1.701294873047e+00  ,9.210394604328e-01  ,2.802363538098e+04  
  1.711294873047e+00  ,1.014993743706e+00  ,2.792310280761e+04  
  1.721294873047e+00  ,9.540421765801e-01  ,2.782210416436e+04  
  1.731294873047e+00  ,1.000668355358e+00  ,2.772468426664e+04  
  1.741294873047e+00  ,9.900601214637e-01  ,2.762796104499e+04  
  1.751294873047e+00  ,9.722739341411e-01  ,2.753042918991e+04  
  1.761294873047e+00  ,1.059941404462e+00  ,2.743712375058e+04  
  1.771294873047e+00  ,9.376415295877e-01  ,2.734221453450e+04  
  1.781294873047e+00  ,1.051469466231e+00  ,2.725140345079e+04  
  1.791294873047e+00  ,1.062089907529e+00  ,2.716283754751e+04  
  1.801294873047e+00  ,1.095324564348e+00  ,2.707716841765e+04  
  1.811294873047e+00  ,9.361766411328e-01  ,2.698210216141e+04  
  1.821294873047e+00  ,1.084417249062e+00  ,2.689409437074e+04  
  1.831294873047e+00  ,1.049851985229e+00  ,2.680662578249e+04  
  1.841294873047e+00  ,9.554399243141e-01  ,2.671321962077e+04  
  1.851294873047e+00  ,1.035984374523e+00  ,2.662114686091e+04  
  1.861294873047e+00  ,1.093328653829e+00  ,2.653607434079e+04  
  1.871294873047e+00  ,1.051652577288e+00  ,2.645062116720e+04  
  1.881294873047e+00  ,1.003848384045e+00  ,2.636290114641e+04  
  1.891294873047e+00  ,9.109805597095e-01  ,2.626727314718e+04  
  1.901294873047e+00  ,1.062755211035e+00  ,2.617567930172e+04  
  1.911294873047e+00  ,9.948332163457e-01  ,2.608911451054e+04  
  1.921294873047e+00  ,9.156254768517e-01  ,2.599508985202e+04  
  1.931294873047e+00  ,1.064506973479e+00  ,2.590501648700e+04  
  1.941294873047e+00  ,9.968962675863e-01  ,2.581973462350e+04  
  1.951294873047e+00  ,1.024271370586e+00  ,2.573447895613e+04  
  1.961294873047e+00  ,1.083635975219e+00  ,2.565286047419e+04  
  1.971294873047e+00  ,9.357066560869e-01  ,2.556337188522e+04  
  1.981294873047e+00  ,1.025260170293e+00  ,2.547462013706e+04  
  1.991294873047e+00  ,9.105777153844e-01  ,2.538141431393e+04  
  2.001294873047e+00  ,1.018747520371e+00  ,2.529441207484e+04  
  2.011294873047e+00  ,1.023642689291e+00  ,2.521001785521e+04  
  2.021294873047e+00  ,1.055449079867e+00  ,2.512854885354e+04  
  2.031294873047e+00  ,1.016562395093e+00  ,2.504604351187e+04  
  2.041294873047e+00  ,1.075634022034e+00  ,2.496673755118e+04  
  2.051294873047e+00  ,1.035142063662e+00  ,2.488649804023e+04  
  2.061294873047e+00  ,9.545670949431e-01  ,2.480117076956e+04  
  2.071294873047e+00  ,1.078087710196e+00  ,2.471897904231e+04  
  2.081294873047e+00  ,9.350535599841e-01  ,2.463617392958e+04  
  2.091294873047e+00  ,9.627521591845e-01  ,2.455131154487e+04  
  2.101294873047e+00  ,9.403820917386e-01  ,2.446453281756e+04  
  2.111294873047e+00  ,9.556779686880e-01  ,2.437842403041e+04  
  2.121294873047e+00  ,9.741416669210e-01  ,2.429400056105e+04  
  2.131294873047e+00  ,1.099053926206e+00  ,2.421577130242e+04  
  2.141294873047e+00  ,9.634235663930e-01  ,2.413740720385e+04  
  2.151294873047e+00  ,1.013058870205e+00  ,2.405598375998e+04  
  2.161294873047e+00  ,9.557390057070e-01  ,2.397296006180e+04  
  2.171294873047e+00  ,1.093456831568e+00  ,2.389730502121e+04  
  2.181294873047e+00  ,9.614337595752e-01  ,2.381707380609e+04  
  2.191294873047e+00  ,1.078875087741e+00  ,2.374207680049e+04  
  2.201294873047e+00  ,9.682088686789e-01  ,2.366298070574e+04  
  2.211294873047e+00  ,1.057957701346e+00  ,2.358776384299e+04  
  2.221294873047e+00  ,9.673055207984e-01  ,2.350903372811e+04  
  2.231294873047e+00  ,1.047911008026e+00  ,2.343387856692e+04  
  2.241294873047e+00  ,1.046812341685e+00  ,2.336008166846e+04  
  2.251294873047e+00  ,1.027854243599e+00  ,2.328597344390e+04  
  2.261294873047e+00  ,9.517715994751e-01  ,2.320763635164e+04  
  2.271294873047e+00  ,1.077996154668e+00  ,2.313249658385e+04  
  2.281294873047e+00  ,1.008041627247e+00  ,2.306018148852e+04  
  2.291294873047e+00  ,9.838892788476e-01  ,2.298508838263e+04  
  2.301294873047e+00  ,9.821314127018e-01  ,2.290921423448e+04  
  2.311294873047e+00  ,1.038828699606e+00  ,2.283540224112e+04  
  2.321294873047e+00  ,9.280220954009e-01  ,2.275951571369e+04  
  2.331294873047e+00  ,9.418652912992e-01  ,2.267994808193e+04  
  2.341294873047e+00  ,9.782128360851e-01  ,2.260335879774e+04  
  2.351294873047e+00  ,9.690511795404e-01  ,2.252805640797e+04  
  2.361294873047e+00  ,9.964018677328e-01  ,2.245387130290e+04  
  2.371294873047e+00  ,9.161992248299e-01  ,2.237612188746e+04  
  2.381294873047e+00  ,1.046885586108e+00  ,2.230465505998e+04  
  2.391294873047e+00  ,9.977690969573e-01  ,2.223305227323e+04  
  2.401294873047e+00  ,9.767662587359e-01  ,2.216051053644e+04  
  2.411294873047e+00  ,1.063475447859e+00  ,2.209220641503e+04  
  2.421294873047e+00  ,1.076323740349e+00  ,2.202660527724e+04  
  2.431294873047e+00  ,1.086736655782e+00  ,2.196207028242e+04  
  2.441294873047e+00  ,1.005032502213e+00  ,2.189426289414e+04  
  2.451294873047e+00  ,1.012338633381e+00  ,2.182595125941e+04  
  2.461294873047e+00  ,9.712668233283e-01  ,2.175558079971e+04  
  2.471294873047e+00  ,1.049522385327e+00  ,2.168861939461e+04  
  2.481294873047e+00  ,9.569719534898e-01  ,2.161839387852e+04  
  2.491294873047e+00  ,1.086022522660e+00  ,2.155348659956e+04  
  2.501294873047e+00  ,1.010599078341e+00  ,2.148717319099e+04  
  2.511294873047e+00  ,1.003915524766e+00  ,2.142028362320e+04  
  2.521294873047e+00  ,9.160527359844e-01  ,2.134870137608e+04  
  2.531294873047e+00  ,1.023612170782e+00  ,2.128145351533e+04  
  2.541294873047e+00  ,9.083742790002e-01  ,2.120981247393e+04  
  2.551294873047e+00  ,9.137028107547e-01  ,2.113729074025e+04  
  2.561294873047e+00  ,9.730368968780e-01  ,2.106798888215e+04  
  2.571294873047e+00  ,9.064760277108e-01  ,2.099774178009e+04  
  2.581294873047e+00  ,1.059654530473e+00  ,2.093084307164e+04  
  2.591294873047e+00  ,9.762291329691e-01  ,2.086429645602e+04  
  2.601294873047e+00  ,1.088354136784e+00  ,2.080302460528e+04  
  2.611294873047e+00  ,1.095989867855e+00  ,2.074399493410e+04  
  2.621294873047e+00  ,9.523392437513e-01  ,2.067951542851e+04  
  2.631294873047e+00  ,9.118411816767e-01  ,2.061084605283e+04  
  2.641294873047e+00  ,1.048710592975e+00  ,2.054587772843e+04  
  2.651294873047e+00  ,1.088763084811e+00  ,2.048742076684e+04  
  2.661294873047e+00  ,1.026303903317e+00  ,2.042854426003e+04  
  2.671294873047e+00  ,9.115787224952e-01  ,2.036310609142e+04  
  2.681294873047e+00  ,1.049021881771e+00  ,2.029946181384e+04  
  2.691294873047e+00  ,1.095861690115e+00  ,2.024239997397e+04  
  2.701294873047e+00  ,9.609881893368e-01  ,2.018083118776e+04  
  2.711294873047e+00  ,1.099346903897e+00  ,2.012151613782e+04  
  2.721294873047e+00  ,9.310129093295e-01  ,2.006141156721e+04  
  2.731294873047e+00  ,1.051957762383e+00  ,2.000343491249e+04  
  2.741294873047e+00  ,1.072801904355e+00  ,1.994715378843e+04  
  2.751294873047e+00  ,1.064671773431e+00  ,1.989131867336e+04  
  2.761294873047e+00  ,1.009732352672e+00  ,1.983419519502e+04  
  2.771294873047e+00  ,1.060856959746e+00  ,1.977724391114e+04  
  2.781294873047e+00  ,1.003506576739e+00  ,1.972039722016e+04  
  2.791294873047e+00  ,9.225714896084e-01  ,1.965895202046e+04  
  2.801294873047e+00  ,9.191412091433e-01  ,1.959526060248e+04  
  2.811294873047e+00  ,9.836390270699e-01  ,1.953408378952e+04  
  2.821294873047e+00  ,9.809228797266e-01  ,1.947544059852e+04  
  2.831294873047e+00  ,1.056517227699e+00  ,1.942008152048e+04  
  2.841294873047e+00  ,1.008175908689e+00  ,1.936413572125e+04  
  2.851294873047e+00  ,9.755821405683e-01  ,1.930682677014e+04  
  2.861294873047e+00  ,1.033079012421e+00  ,1.925074671706e+04  
  2.871294873047e+00  ,1.000869777520e+00  ,1.919486941523e+04  
  2.881294873047e+00  ,9.183660390027e-01  ,1.913559886264e+04  
  2.891294873047e+00  ,1.078167058321e+00  ,1.907968943819e+04  
  2.901294873047e+00  ,1.037180700095e+00  ,1.902788275553e+04  
  2.911294873047e+00  ,1.019034394360e+00  ,1.897493623266e+04  
  2.921294873047e+00  ,1.074431592761e+00  ,1.892305327071e+04  
  2.931294873047e+00  ,1.072435682241e+00  ,1.887288218292e+04  
  2.941294873047e+00  ,9.845606860561e-01  ,1.882047836341e+04  
  2.951294873047e+00  ,1.033573412275e+00  ,1.876860612662e+04  
  2.961294873047e+00  ,9.189336832789e-01  ,1.871361067027e+04  
  2.971294873047e+00  ,1.099920651875e+00  ,1.866347783028e+04  
  2.981294873047e+00  ,9.429395428327e-01  ,1.860934306713e+04  
  2.991294873047e+00  ,1.064506973479e+00  ,1.855870369256e+04  
  3.001294873047e+00  ,1.022403637806e+00  ,1.850794396361e+04  
  3.011294873047e+00  ,1.057365642262e+00  ,1.845853864548e+04  
  3.021294873047e+00  ,1.097137363811e+00  ,1.841102380465e+04  
  3.031294873047e+00  ,1.032065797906e+00  ,1.836217560874e+04  
  3.041294873047e+00  ,9.000061037019e-01  ,1.830880358690e+04  
  3.051294873047e+00  ,1.071605578784e+00  ,1.825967997320e+04  
  3.061294873047e+00  ,9.495986816004e-01  ,1.820774269593e+04  
  3.071294873047e+00  ,1.080162968841e+00  ,1.815970904894e+04  
  3.081294873047e+00  ,1.066216010010e+00  ,1.811270364822e+04  
  3.091294873047e+00  ,1.060667744987e+00  ,1.806602821117e+04  
  3.101294873047e+00  ,1.061943418683e+00  ,1.801966947304e+04  
  3.111294873047e+00  ,1.076793725394e+00  ,1.797392810844e+04  
  3.121294873047e+00  ,9.585222937712e-01  ,1.792572322445e+04  
  3.131294873047e+00  ,1.087542344432e+00  ,1.787800418374e+04  
  3.141294873047e+00  ,1.018735312967e+00  ,1.783056103285e+04  
  3.151294873047e+00  ,1.047666859951e+00  ,1.778432345665e+04  
  3.161294873047e+00  ,1.061613818781e+00  ,1.773908390826e+04  
  3.171294873047e+00  ,9.127445295572e-01  ,1.769046605234e+04  
  3.181294873047e+00  ,9.947843867306e-01  ,1.764047823465e+04  
  3.191294873047e+00  ,9.992889187292e-01  ,1.759325516777e+04  
  3.201294873047e+00  ,1.063133640553e+00  ,1.754840760030e+04  
  3.211294873047e+00  ,1.051945554979e+00  ,1.750417437795e+04  
  3.221294873047e+00  ,1.007254249702e+00  ,1.745889478467e+04  
  3.231294873047e+00  ,1.087701040681e+00  ,1.741504510409e+04  
  3.241294873047e+00  ,9.723715933714e-01  ,1.737055729175e+04  
  3.251294873047e+00  ,9.449293496506e-01  ,1.732352371903e+04  
  3.261294873047e+00  ,1.033732108524e+00  ,1.727882456989e+04  
  3.271294873047e+00  ,9.892300180059e-01  ,1.723435184099e+04  
  3.281294873047e+00  ,1.033097323527e+00  ,1.719010890534e+04  
  3.291294873047e+00  ,9.421765800958e-01  ,1.714379109382e+04  
  3.301294873047e+00  ,1.077574999237e+00  ,1.710124116646e+04  
  3.311294873047e+00  ,1.029441206091e+00  ,1.705872453791e+04  
  3.321294873047e+00  ,9.617206335643e-01  ,1.701420614527e+04  
  3.331294873047e+00  ,9.152165288247e-01  ,1.696751663425e+04  
  3.341294873047e+00  ,9.618060853908e-01  ,1.692197957540e+04  
  3.351294873047e+00  ,9.264595477157e-01  ,1.687622013957e+04  
  3.361294873047e+00  ,9.421887874996e-01  ,1.683068405739e+04  
  3.371294873047e+00  ,9.970793786431e-01  ,1.678721531000e+04  
  3.381294873047e+00  ,9.327402569658e-01  ,1.674330878883e+04  
  3.391294873047e+00  ,9.051271095920e-01  ,1.669731268860e+04  
  3.401294873047e+00  ,9.087038789026e-01  ,1.665124050914e+04  
  3.411294873047e+00  ,1.059080782495e+00  ,1.661004071060e+04  
  3.421294873047e+00  ,1.054643391217e+00  ,1.657129804239e+04  
  3.431294873047e+00  ,1.038004699850e+00  ,1.653234443860e+04  
  3.441294873047e+00  ,9.476149784845e-01  ,1.649067264380e+04  
  3.451294873047e+00  ,1.030191961425e+00  ,1.645075076624e+04  
  3.461294873047e+00  ,1.076622821741e+00  ,1.641277022660e+04  
  3.471294873047e+00  ,9.695944090091e-01  ,1.637364099896e+04  
  3.481294873047e+00  ,9.496536149174e-01  ,1.633204201765e+04  
  3.491294873047e+00  ,1.065233314005e+00  ,1.629364986447e+04  
  3.501294873047e+00  ,9.531083101901e-01  ,1.625460983072e+04  
  3.511294873047e+00  ,1.080108035524e+00  ,1.621605225234e+04  
  3.521294873047e+00  ,9.438978240303e-01  ,1.617570549659e+04  
  3.531294873047e+00  ,1.068095950194e+00  ,1.613837031264e+04  
  3.541294873047e+00  ,1.099035615101e+00  ,1.610289438993e+04  
  3.551294873047e+00  ,1.044773705252e+00  ,1.606747363634e+04  
  3.561294873047e+00  ,1.044535660878e+00  ,1.603127269632e+04  
  3.571294873047e+00  ,9.764061403241e-01  ,1.599390427728e+04  
  3.581294873047e+00  ,9.610248115482e-01  ,1.595539781818e+04  
  3.591294873047e+00  ,1.045274208808e+00  ,1.591893416048e+04  
  3.601294873047e+00  ,1.041813409833e+00  ,1.588353005640e+04  
  3.611294873047e+00  ,9.136478774377e-01  ,1.584555467726e+04  
  3.621294873047e+00  ,9.859218115787e-01  ,1.580671193948e+04  
  3.631294873047e+00  ,9.892422254097e-01  ,1.576979316261e+04  
  3.641294873047e+00  ,9.683797723319e-01  ,1.573257016446e+04  
  3.651294873047e+00  ,1.015176854762e+00  ,1.569624034155e+04  
  3.661294873047e+00  ,9.677571947386e-01  ,1.566012313506e+04  
  3.671294873047e+00  ,9.942960905789e-01  ,1.562431031793e+04  
  3.681294873047e+00  ,1.072258674886e+00  ,1.559060048514e+04  
  3.691294873047e+00  ,1.034293649098e+00  ,1.555738665912e+04  
  3.701294873047e+00  ,1.054509109775e+00  ,1.552439445299e+04  
  3.711294873047e+00  ,1.092761009552e+00  ,1.549242420915e+04  
  3.721294873047e+00  ,9.276863917966e-01  ,1.545684656019e+04  
  3.731294873047e+00  ,9.346629230628e-01  ,1.541973385245e+04  
  3.741294873047e+00  ,9.958952604755e-01  ,1.538459377926e+04  
  3.751294873047e+00  ,1.013290810877e+00  ,1.535086122326e+04  
  3.761294873047e+00  ,9.151799066134e-01  ,1.531570078932e+04  
  3.771294873047e+00  ,9.753135776849e-01  ,1.528004741793e+04  
  3.781294873047e+00  ,9.134220404675e-01  ,1.524459372052e+04  
  3.791294873047e+00  ,9.957976012452e-01  ,1.521070620352e+04  
  3.801294873047e+00  ,1.001852473525e+00  ,1.517762075908e+04  
  3.811294873047e+00  ,1.094409009064e+00  ,1.514691061410e+04  
  3.821294873047e+00  ,9.739341410566e-01  ,1.511446471028e+04  
  3.831294873047e+00  ,1.095715201270e+00  ,1.508422157912e+04  
  3.841294873047e+00  ,1.053501998962e+00  ,1.505398333431e+04  
  3.851294873047e+00  ,1.098162785730e+00  ,1.502474094756e+04  
  3.861294873047e+00  ,1.047917111728e+00  ,1.499494682309e+04  
  3.871294873047e+00  ,9.340525528733e-01  ,1.496242671062e+04  
  3.881294873047e+00  ,1.009518723106e+00  ,1.493096290411e+04  
  3.891294873047e+00  ,1.061058381909e+00  ,1.490105318448e+04  
  3.901294873047e+00  ,9.338816492203e-01  ,1.486984658841e+04  
  3.911294873047e+00  ,9.493911557360e-01  ,1.483696554473e+04  
  3.921294873047e+00  ,9.519791253395e-01  ,1.480455747881e+04  
  3.931294873047e+00  ,1.043668935209e+00  ,1.477447126778e+04  
  3.941294873047e+00  ,1.029953917051e+00  ,1.474542349498e+04  
  3.951294873047e+00  ,9.080202642903e-01  ,1.471420266233e+04  
  3.961294873047e+00  ,1.000051881466e+00  ,1.468396237030e+04  
  3.971294873047e+00  ,9.342295602283e-01  ,1.465265415554e+04  
  3.981294873047e+00  ,1.033976256600e+00  ,1.462333096218e+04  
  3.991294873047e+00  ,9.285897396771e-01  ,1.459245442185e+04  
  4.001294873047e+00  ,1.061156041139e+00  ,1.456402644458e+04  
  4.011294873047e+00  ,9.203924680319e-01  ,1.453350635148e+04  
  4.021294873047e+00  ,9.534134952849e-01  ,1.450321405553e+04  
  4.031294873047e+00  ,9.774620807520e-01  ,1.447366321841e+04  
  4.041294873047e+00  ,9.698934904019e-01  ,1.444445215274e+04  
  4.051294873047e+00  ,9.972441785943e-01  ,1.441573486595e+04  
  4.061294873047e+00  ,1.006271553697e+00  ,1.438766641275e+04  
  4.071294873047e+00  ,1.090990936003e+00  ,1.436146641282e+04  
  4.081294873047e+00  ,1.046232490005e+00  ,1.433569021262e+04  
  4.091294873047e+00  ,1.017880794702e+00  ,1.430908349259e+04  
  4.101294873047e+00  ,1.094238105411e+00  ,1.428371404730e+04  
  4.111294873047e+00  ,1.080999176000e+00  ,1.425863363897e+04  
  4.121294873047e+00  ,1.003982665487e+00  ,1.423273456590e+04  
  4.131294873047e+00  ,1.092907498398e+00  ,1.420712536014e+04  
  4.141294873047e+00  ,1.029361857967e+00  ,1.418202921244e+04  
  4.151294873047e+00  ,9.797570726646e-01  ,1.415559627423e+04  
  4.161294873047e+00  ,1.040995513779e+00  ,1.412943747163e+04  
  4.171294873047e+00  ,1.044914090396e+00  ,1.410434784612e+04  
  4.181294873047e+00  ,9.955473494675e-01  ,1.407854885721e+04  
  4.191294873047e+00  ,9.805993835261e-01  ,1.405233320045e+04  
  4.201294873047e+00  ,1.042185735649e+00  ,1.402683225743e+04  
  4.211294873047e+00  ,9.243171483505e-01  ,1.399977665678e+04  
  4.221294873047e+00  ,1.025986510819e+00  ,1.397351955899e+04  
  4.231294873047e+00  ,9.305551316874e-01  ,1.394658554621e+04  
  4.241294873047e+00  ,9.267220068972e-01  ,1.391946422058e+04  
  4.251294873047e+00  ,1.092834253975e+00  ,1.389535307444e+04  
  4.261294873047e+00  ,9.778771324808e-01  ,1.387137487897e+04  
  4.271294873047e+00  ,9.311410870693e-01  ,1.384540987924e+04  
  4.281294873047e+00  ,1.070659504990e+00  ,1.382162935129e+04  
  4.291294873047e+00  ,1.080645161290e+00  ,1.379912017083e+04  
  4.301294873047e+00  ,9.857081820124e-01  ,1.377568998996e+04  
  4.311294873047e+00  ,9.036072878201e-01  ,1.375001228402e+04  
  4.321294873047e+00  ,1.036082033753e+00  ,1.372616024355e+04  
  4.331294873047e+00  ,9.238044373913e-01  ,1.370099249772e+04  
  4.341294873047e+00  ,1.074248481704e+00  ,1.367808360934e+04  
  4.351294873047e+00  ,1.074925992615e+00  ,1.365602221411e+04  
  4.361294873047e+00  ,9.382885219886e-01  ,1.363205075402e+04  
  4.371294873047e+00  ,9.878627887814e-01  ,1.360787928850e+04  
  4.381294873047e+00  ,9.125736259041e-01  ,1.358349106450e+04  
  4.391294873047e+00  ,1.040672017579e+00  ,1.356080004132e+04  
  4.401294873047e+00  ,1.082024597919e+00  ,1.353935961108e+04  
  4.411294873047e+00  ,9.841029084140e-01  ,1.351748542088e+04  
  4.421294873047e+00  ,9.903836176641e-01  ,1.349470124226e+04  
  4.431294873047e+00  ,9.611896114994e-01  ,1.347176793420e+04  
  4.441294873047e+00  ,9.980986968596e-01  ,1.344935119746e+04  
  4.451294873047e+00  ,9.846034119694e-01  ,1.342698132753e+04  
  4.461294873047e+00  ,9.977690969573e-01  ,1.340493314049e+04  
  4.471294873047e+00  ,9.471266823328e-01  ,1.338223969563e+04  
  4.481294873047e+00  ,9.117130039369e-01  ,1.335878521862e+04  
  4.491294873047e+00  ,9.423902096622e-01  ,1.333574517410e+04  
  4.501294873047e+00  ,1.089837336344e+00  ,1.331514758692e+04  
  4.511294873047e+00  ,9.907010101627e-01  ,1.329478105276e+04  
  4.521294873047e+00  ,9.736228522599e-01  ,1.327328631071e+04  
  4.531294873047e+00  ,9.228827784051e-01  ,1.325093508268e+04  
  4.541294873047e+00  ,1.017258217109e+00  ,1.322991480326e+04  
  4.551294873047e+00  ,1.098974578082e+00  ,1.321050224067e+04  
  4.561294873047e+00  ,1.085442670980e+00  ,1.319182234490e+04  
  4.571294873047e+00  ,9.529862361522e-01  ,1.317171282616e+04  
  4.581294873047e+00  ,1.004153569140e+00  ,1.315090395007e+04  
  4.591294873047e+00  ,9.852198858608e-01  ,1.313060930834e+04  
  4.601294873047e+00  ,1.050352488784e+00  ,1.311121024761e+04  
  4.611294873047e+00  ,1.093914609210e+00  ,1.309272416781e+04  
  4.621294873047e+00  ,9.544450209052e-01  ,1.307271173138e+04  
  4.631294873047e+00  ,9.748680074465e-01  ,1.305223787947e+04  
  4.641294873047e+00  ,1.080486465041e+00  ,1.303346004980e+04  
  4.651294873047e+00  ,1.044175542467e+00  ,1.301524816267e+04  
  4.661294873047e+00  ,1.068028809473e+00  ,1.299702945760e+04  
  4.671294873047e+00  ,1.082055116428e+00  ,1.297923194269e+04  
  4.681294873047e+00  ,9.921109653005e-01  ,1.296083563389e+04  
  4.691294873047e+00  ,1.078856776635e+00  ,1.294251677206e+04  
  4.701294873047e+00  ,1.047868282113e+00  ,1.292486029837e+04  
  4.711294873047e+00  ,9.131717886898e-01  ,1.290521570380e+04  
  4.721294873047e+00  ,9.200628681295e-01  ,1.288511274675e+04  
  4.731294873047e+00  ,1.031467635121e+00  ,1.286602969947e+04  
  4.741294873047e+00  ,9.794640949736e-01  ,1.284774046564e+04  
  4.751294873047e+00  ,9.536149174474e-01  ,1.282877957220e+04  
  4.761294873047e+00  ,1.082482375561e+00  ,1.281138735324e+04  
  4.771294873047e+00  ,9.246284371471e-01  ,1.279329077554e+04  
  4.781294873047e+00  ,1.063780632954e+00  ,1.277514244956e+04  
  4.791294873047e+00  ,1.093969542528e+00  ,1.275834860186e+04  
  4.801294873047e+00  ,1.027225562304e+00  ,1.274171747303e+04  
  4.811294873047e+00  ,9.558732871487e-01  ,1.272388833037e+04  
  4.821294873047e+00  ,1.084929960021e+00  ,1.270669359758e+04  
  4.831294873047e+00  ,9.519119846187e-01  ,1.268957321628e+04  
  4.841294873047e+00  ,1.091198461867e+00  ,1.267341928058e+04  
  4.851294873047e+00  ,1.044694357128e+00  ,1.265715023702e+04  
  4.861294873047e+00  ,9.938810388501e-01  ,1.264030852979e+04  
  4.871294873047e+00  ,1.046079897458e+00  ,1.262395873880e+04  
  4.881294873047e+00  ,9.037476729637e-01  ,1.260600351100e+04  
  4.891294873047e+00  ,1.047233497116e+00  ,1.258943477605e+04  
  4.901294873047e+00  ,1.089495529038e+00  ,1.257382967054e+04  
  4.911294873047e+00  ,9.781090731529e-01  ,1.255782367254e+04  
  4.921294873047e+00  ,1.065562913907e+00  ,1.254172798337e+04  
  4.931294873047e+00  ,1.044792016358e+00  ,1.252600822134e+04  
  4.941294873047e+00  ,9.779381694998e-01  ,1.250971318763e+04  
  4.951294873047e+00  ,1.079137546922e+00  ,1.249401595703e+04  
  4.961294873047e+00  ,1.034061708426e+00  ,1.247890173566e+04  
  4.971294873047e+00  ,1.012411877804e+00  ,1.246341076962e+04  
  4.981294873047e+00  ,9.920255134739e-01  ,1.244760683993e+04  
  4.991294873047e+00  ,1.077037873470e+00  ,1.243240196587e+04  
  5.001294873047e+00  ,9.468337046419e-01  ,1.241688680468e+04  
  5.011294873047e+00  ,1.073778496658e+00  ,1.240214815336e+04  
  5.021294873047e+00  ,1.051438947722e+00  ,1.238750686768e+04  
  5.031294873047e+00  ,1.040574358348e+00  ,1.237284822384e+04  
  5.041294873047e+00  ,1.014120914335e+00  ,1.235801939789e+04  
  5.051294873047e+00  ,1.048680074465e+00  ,1.234334092099e+04  
  5.061294873047e+00  ,1.045310831019e+00  ,1.232899299306e+04  
  5.071294873047e+00  ,9.567461165197e-01  ,1.231376049479e+04  
  5.081294873047e+00  ,1.011679433576e+00  ,1.229891074153e+04  
  5.091294873047e+00  ,1.099365215003e+00  ,1.228492358884e+04  
  5.101294873047e+00  ,9.182500686666e-01  ,1.227022181671e+04  
  5.111294873047e+00  ,9.976714377270e-01  ,1.225487700751e+04  
  5.121294873047e+00  ,9.053529465621e-01  ,1.223901505266e+04  
  5.131294873047e+00  ,9.819055757317e-01  ,1.222395814940e+04  
  5.141294873047e+00  ,9.412121951964e-01  ,1.220877747526e+04  
  5.151294873047e+00  ,1.033024079104e+00  ,1.219459203422e+04  
  5.161294873047e+00  ,9.385021515549e-01  ,1.217980239007e+04  
  5.171294873047e+00  ,9.089236121708e-01  ,1.216452422487e+04  
  5.181294873047e+00  ,9.482985930967e-01  ,1.214940446130e+04  
  5.191294873047e+00  ,1.044596697897e+00  ,1.213546417567e+04  
  5.201294873047e+00  ,1.013553270058e+00  ,1.212212451644e+04  
  5.211294873047e+00  ,9.299020355846e-01  ,1.210799213409e+04  
  5.221294873047e+00  ,1.020865504929e+00  ,1.209399947520e+04  
  5.231294873047e+00  ,9.989226966155e-01  ,1.208064817187e+04  
  5.241294873047e+00  ,1.098944059572e+00  ,1.206787930501e+04  
  5.251294873047e+00  ,1.035282448805e+00  ,1.205509229180e+04  
  5.261294873047e+00  ,1.000180059206e+00  ,1.204202913106e+04  
  5.271294873047e+00  ,1.034434034242e+00  ,1.202910442777e+04  
  5.281294873047e+00  ,1.092761009552e+00  ,1.201689720231e+04  
  5.291294873047e+00  ,1.090679647206e+00  ,1.200507118087e+04  
  5.301294873047e+00  ,9.097720267342e-01  ,1.199202837573e+04  
  5.311294873047e+00  ,9.192938016907e-01  ,1.197787546050e+04  
  5.321294873047e+00  ,1.074199652089e+00  ,1.196531412001e+04  
  5.331294873047e+00  ,1.007437360759e+00  ,1.195316528970e+04  
  5.341294873047e+00  ,1.068865016633e+00  ,1.194105651970e+04  
  5.351294873047e+00  ,1.036198004089e+00  ,1.192901498032e+04  
  5.361294873047e+00  ,9.741966002380e-01  ,1.191649600859e+04  
  5.371294873047e+00  ,1.055717642750e+00  ,1.190430735285e+04  
  5.381294873047e+00  ,9.780114139225e-01  ,1.189222604243e+04  
  5.391294873047e+00  ,1.050334177679e+00  ,1.188050613986e+04  
  5.401294873047e+00  ,9.964751121555e-01  ,1.186850682943e+04  
  5.411294873047e+00  ,9.264229255043e-01  ,1.185580438182e+04  
  5.421294873047e+00  ,9.583147679067e-01  ,1.184302943352e+04  
  5.431294873047e+00  ,9.168706320383e-01  ,1.183027043297e+04  
  5.441294873047e+00  ,1.020175786615e+00  ,1.181833782862e+04  
  5.451294873047e+00  ,1.048258919034e+00  ,1.180695007171e+04  
  5.461294873047e+00  ,1.025363933226e+00  ,1.179573524603e+04  
  5.471294873047e+00  ,9.840907010102e-01  ,1.178420048287e+04  
  5.481294873047e+00  ,9.154057435835e-01  ,1.177200599479e+04  
  5.491294873047e+00  ,9.660359508042e-01  ,1.175977277395e+04  
  5.501294873047e+00  ,9.791772209845e-01  ,1.174806559626e+04  
  5.511294873047e+00  ,1.048478652303e+00  ,1.173703854254e+04  
  5.521294873047e+00  ,1.002975554674e+00  ,1.172593492400e+04  
  5.531294873047e+00  ,1.086608478042e+00  ,1.171546319689e+04  
  5.541294873047e+00  ,9.914822840052e-01  ,1.170454373105e+04  
  5.551294873047e+00  ,9.180181279946e-01  ,1.169287933576e+04  
  5.561294873047e+00  ,9.894192327647e-01  ,1.168135137709e+04  
  5.571294873047e+00  ,9.986297189245e-01  ,1.167042303454e+04  
  5.581294873047e+00  ,1.071410260323e+00  ,1.166012596126e+04  
  5.591294873047e+00  ,9.400219733268e-01  ,1.164907514161e+04  
  5.601294873047e+00  ,1.008774071474e+00  ,1.163838063177e+04  
  5.611294873047e+00  ,1.072380748924e+00  ,1.162829443945e+04  
  5.621294873047e+00  ,1.091045869320e+00  ,1.161863114627e+04  
  5.631294873047e+00  ,1.049497970519e+00  ,1.160891173494e+04  
  5.641294873047e+00  ,9.021607104709e-01  ,1.159817138954e+04  
  5.651294873047e+00  ,9.459059419538e-01  ,1.158691440307e+04  
  5.661294873047e+00  ,9.519363994263e-01  ,1.157606210950e+04  
  5.671294873047e+00  ,9.946256904813e-01  ,1.156563955479e+04  
  5.681294873047e+00  ,9.665547654653e-01  ,1.155519176270e+04  
  5.691294873047e+00  ,1.003793450728e+00  ,1.154505931182e+04  
  5.701294873047e+00  ,9.739036225471e-01  ,1.153485525572e+04  
  5.711294873047e+00  ,1.095361186560e+00  ,1.152547935386e+04  
  5.721294873047e+00  ,9.039185766167e-01  ,1.151504470752e+04  
  5.731294873047e+00  ,1.054692220832e+00  ,1.150542596434e+04  
  5.741294873047e+00  ,1.087340922269e+00  ,1.149630841550e+04  
  5.751294873047e+00  ,9.914822840052e-01  ,1.148678354055e+04  
  5.761294873047e+00  ,1.002005066073e+00  ,1.147723626210e+04  
  5.771294873047e+00  ,9.139652699362e-01  ,1.146705886977e+04  
  5.781294873047e+00  ,9.102603228858e-01  ,1.145668921312e+04  
  5.791294873047e+00  ,9.364146855068e-01  ,1.144651495471e+04  
  5.801294873047e+00  ,1.078002258370e+00  ,1.143739362939e+04  
  5.811294873047e+00  ,1.097705008087e+00  ,1.142890707765e+04  
  5.821294873047e+00  ,1.091467024751e+00  ,1.142052720261e+04  
  5.831294873047e+00  ,1.092919705802e+00  ,1.141218701086e+04  
  5.841294873047e+00  ,1.016397595141e+00  ,1.140355447194e+04  
  5.851294873047e+00  ,9.341807306131e-01  ,1.139421226581e+04  
  5.861294873047e+00  ,1.000802636799e+00  ,1.138485420934e+04  
  5.871294873047e+00  ,9.870204779199e-01  ,1.137570000814e+04  
  5.881294873047e+00  ,1.032157353435e+00  ,1.136693569581e+04  
  5.891294873047e+00  ,1.099346903897e+00  ,1.135870959604e+04  
  5.901294873047e+00  ,9.481215857418e-01  ,1.135009058998e+04  
  5.911294873047e+00  ,9.764244514298e-01  ,1.134098466866e+04  
  5.921294873047e+00  ,1.090563676870e+00  ,1.133270014799e+04  
  5.931294873047e+00  ,1.082177190466e+00  ,1.132467769695e+04  
  5.941294873047e+00  ,1.011862544633e+00  ,1.131651475209e+04  
  5.951294873047e+00  ,1.089574877163e+00  ,1.130842813862e+04  
  5.961294873047e+00  ,1.014975432600e+00  ,1.130040702298e+04  
  5.971294873047e+00  ,9.865016632588e-01  ,1.129205995126e+04  
  5.981294873047e+00  ,1.058726767785e+00  ,1.128388812537e+04  
  5.991294873047e+00  ,1.091698965423e+00  ,1.127620489162e+04  
  6.001294873047e+00  ,9.137089144566e-01  ,1.126789936954e+04  
  6.011294873047e+00  ,9.753929258095e-01  ,1.125916121762e+04  
  6.021294873047e+00  ,1.035581530198e+00  ,1.125103533444e+04  
  6.031294873047e+00  ,9.340464491714e-01  ,1.124253574065e+04  
  6.041294873047e+00  ,1.057304605243e+00  ,1.123467175393e+04  
  6.051294873047e+00  ,9.642902920621e-01  ,1.122652849329e+04  
  6.061294873047e+00  ,9.149296548357e-01  ,1.121800675279e+04  
  6.071294873047e+00  ,1.042625202185e+00  ,1.121015968501e+04  
  6.081294873047e+00  ,1.037412640767e+00  ,1.120254210239e+04  
  6.091294873047e+00  ,1.069322794275e+00  ,1.119519155343e+04  
  6.101294873047e+00  ,9.750694296091e-01  ,1.118745867385e+04  
  6.111294873047e+00  ,1.002536088137e+00  ,1.117978786650e+04  
  6.121294873047e+00  ,9.386425366985e-01  ,1.117179686402e+04  
  6.131294873047e+00  ,1.016867580187e+00  ,1.116418373232e+04  
  6.141294873047e+00  ,9.963286233100e-01  ,1.115661882561e+04  
  6.151294873047e+00  ,1.094384594256e+00  ,1.114958261958e+04  
  6.161294873047e+00  ,9.544633320109e-01  ,1.114203635105e+04  
  6.171294873047e+00  ,1.020731223487e+00  ,1.113471587723e+04  
  6.181294873047e+00  ,1.054545731986e+00  ,1.112766588051e+04  
  6.191294873047e+00  ,1.038785973693e+00  ,1.112071628220e+04  
  6.201294873047e+00  ,9.785668507950e-01  ,1.111346380644e+04  
  6.211294873047e+00  ,9.331736198004e-01  ,1.110588363223e+04  
  6.221294873047e+00  ,1.093066194647e+00  ,1.109877026226e+04  
  6.231294873047e+00  ,1.005410931730e+00  ,1.109200345686e+04  
  6.241294873047e+00  ,1.002804651021e+00  ,1.108506312251e+04  
  6.251294873047e+00  ,9.759666737877e-01  ,1.107795653383e+04  
  6.261294873047e+00  ,9.544999542222e-01  ,1.107071000040e+04  
  6.271294873047e+00  ,1.042698446608e+00  ,1.106374929824e+04  
  6.281294873047e+00  ,1.053099154637e+00  ,1.105720002229e+04  
  6.291294873047e+00  ,1.057786797693e+00  ,1.105073458491e+04  
  6.301294873047e+00  ,1.053526413770e+00  ,1.104430459185e+04  
  6.311294873047e+00  ,9.844813379315e-01  ,1.103766996827e+04  
  6.321294873047e+00  ,1.094415112766e+00  ,1.103120258033e+04  
  6.331294873047e+00  ,9.842249824519e-01  ,1.102477707668e+04  
  6.341294873047e+00  ,9.718771935179e-01  ,1.101808632880e+04  
  6.351294873047e+00  ,9.899014252144e-01  ,1.101142615988e+04  
  6.361294873047e+00  ,1.036161381878e+00  ,1.100501669165e+04  
  6.371294873047e+00  ,9.666035950804e-01  ,1.099850871068e+04  
  6.381294873047e+00  ,9.569658497879e-01  ,1.099176246504e+04  
  6.391294873047e+00  ,9.727011932737e-01  ,1.098511563527e+04  
  6.401294873047e+00  ,1.069231238746e+00  ,1.097885854945e+04  
  6.411294873047e+00  ,9.358470412305e-01  ,1.097250424495e+04  
  6.421294873047e+00  ,1.005178991058e+00  ,1.096598645216e+04  
  6.431294873047e+00  ,1.076262703330e+00  ,1.095997219651e+04  
  6.441294873047e+00  ,1.065941343425e+00  ,1.095419737019e+04  
  6.451294873047e+00  ,1.067717520676e+00  ,1.094843241621e+04  
  6.461294873047e+00  ,9.112002929777e-01  ,1.094199471426e+04  
  6.471294873047e+00  ,1.050572222053e+00  ,1.093600419938e+04  
  6.481294873047e+00  ,1.074059266945e+00  ,1.093027500941e+04  
  6.491294873047e+00  ,1.025595873898e+00  ,1.092446778647e+04  
  6.501294873047e+00  ,9.646626178777e-01  ,1.091844052825e+04  
  6.511294873047e+00  ,1.087414166692e+00  ,1.091262714973e+04  
  6.521294873047e+00  ,1.036313974425e+00  ,1.090708143555e+04  
  6.531294873047e+00  ,9.271248512223e-01  ,1.090099346192e+04  
  6.541294873047e+00  ,1.075231177709e+00  ,1.089512375937e+04  
  6.551294873047e+00  ,9.699911496323e-01  ,1.088944544539e+04  
  6.561294873047e+00  ,9.664571062349e-01  ,1.088357857379e+04  
  6.571294873047e+00  ,9.409192175054e-01  ,1.087755924442e+04  
  6.581294873047e+00  ,1.007492294076e+00  ,1.087180445950e+04  
  6.591294873047e+00  ,1.093285927915e+00  ,1.086647566285e+04  
  6.601294873047e+00  ,9.132694479202e-01  ,1.086082957292e+04  
  6.611294873047e+00  ,9.195684682760e-01  ,1.085469684010e+04  
  6.621294873047e+00  ,9.068910794397e-01  ,1.084856147712e+04  
  6.631294873047e+00  ,1.011313211463e+00  ,1.084278629600e+04  
  6.641294873047e+00  ,9.436780907620e-01  ,1.083699722518e+04  
  6.651294873047e+00  ,9.752647480697e-01  ,1.083136413617e+04  
  6.661294873047e+00  ,9.978789635914e-01  ,1.082589783171e+04  
  6.671294873047e+00  ,1.067650379955e+00  ,1.082076077640e+04  
  6.681294873047e+00  ,1.076287118137e+00  ,1.081582475554e+04  
  6.691294873047e+00  ,1.004257332072e+00  ,1.081075095639e+04  
  6.701294873047e+00  ,1.035569322794e+00  ,1.080560467972e+04  
  6.711294873047e+00  ,9.653523361919e-01  ,1.080037852082e+04  
  6.721294873047e+00  ,9.965239417707e-01  ,1.079517576396e+04  
  6.731294873047e+00  ,1.066338084048e+00  ,1.079024517815e+04  
  6.741294873047e+00  ,9.922452467421e-01  ,1.078516862603e+04  
  6.751294873047e+00  ,1.032639545885e+00  ,1.078014346850e+04  
  6.761294873047e+00  ,1.084734641560e+00  ,1.077538935935e+04  
  6.771294873047e+00  ,1.025699636830e+00  ,1.077064201068e+04  
  6.781294873047e+00  ,9.597735526597e-01  ,1.076560062146e+04  
  6.791294873047e+00  ,1.040446180609e+00  ,1.076075984701e+04  
  6.801294873047e+00  ,9.883083590197e-01  ,1.075589989210e+04  
  6.811294873047e+00  ,9.593707083346e-01  ,1.075085557202e+04  
  6.821294873047e+00  ,9.493789483322e-01  ,1.074575252893e+04  
  6.831294873047e+00  ,9.282723471786e-01  ,1.074057476401e+04  
  6.841294873047e+00  ,1.069322794275e+00  ,1.073573740445e+04  
  6.851294873047e+00  ,9.394482253487e-01  ,1.073096765776e+04  
  6.861294873047e+00  ,9.698568681906e-01  ,1.072612220451e+04  
  6.871294873047e+00  ,1.094445631275e+00  ,1.072166798087e+04  
  6.881294873047e+00  ,9.587237159337e-01  ,1.071709737283e+04  
  6.891294873047e+00  ,1.095446638386e+00  ,1.071255536622e+04  
  6.901294873047e+00  ,1.065611743522e+00  ,1.070817387892e+04  
  6.911294873047e+00  ,1.007016205329e+00  ,1.070368459128e+04  
  6.921294873047e+00  ,9.484694967498e-01  ,1.069900472889e+04  
  6.931294873047e+00  ,9.629169591357e-01  ,1.069424355068e+04  
  6.941294873047e+00  ,1.095654164251e+00  ,1.068985733616e+04  
  6.951294873047e+00  ,9.917752616962e-01  ,1.068557408269e+04  
  6.961294873047e+00  ,1.052763451033e+00  ,1.068122755491e+04  
  6.971294873047e+00  ,1.024735251930e+00  ,1.067691930123e+04  
  6.981294873047e+00  ,9.349192785424e-01  ,1.067234572408e+04  
  6.991294873047e+00  ,9.532792138432e-01  ,1.066770442712e+04  
  7.001294873047e+00  ,1.069719534898e+00  ,1.066340963438e+04  
  7.011294873047e+00  ,1.051127658925e+00  ,1.065926853031e+04  
  7.021294873047e+00  ,1.079107028413e+00  ,1.065527023551e+04  
  7.031294873047e+00  ,1.085479293191e+00  ,1.065135167168e+04  
  7.041294873047e+00  ,1.074620807520e+00  ,1.064746351404e+04  
  7.051294873047e+00  ,9.448072756127e-01  ,1.064328877755e+04  
  7.061294873047e+00  ,9.341624195074e-01  ,1.063882455205e+04  
  7.071294873047e+00  ,9.279549546800e-01  ,1.063435155447e+04  
  7.081294873047e+00  ,1.076140629292e+00  ,1.063021856795e+04  
  7.091294873047e+00  ,1.097497482223e+00  ,1.062648089107e+04  
  7.101294873047e+00  ,9.719748527482e-01  ,1.062245014589e+04  
  7.111294873047e+00  ,1.024204229865e+00  ,1.061849175821e+04  
  7.121294873047e+00  ,1.066606646931e+00  ,1.061466528620e+04  
  7.131294873047e+00  ,9.638996551408e-01  ,1.061063281745e+04  
  7.141294873047e+00  ,1.033152256844e+00  ,1.060665931293e+04  
  7.151294873047e+00  ,9.379772331919e-01  ,1.060265154716e+04  
  7.161294873047e+00  ,9.977507858516e-01  ,1.059871146738e+04  
  7.171294873047e+00  ,1.059648426771e+00  ,1.059497338877e+04  
  7.181294873047e+00  ,9.584490493484e-01  ,1.059114065671e+04  
  7.191294873047e+00  ,1.084270760216e+00  ,1.058737484024e+04  
  7.201294873047e+00  ,9.130375072481e-01  ,1.058332556439e+04  
  7.211294873047e+00  ,1.089196447645e+00  ,1.057968294205e+04  
  7.221294873047e+00  ,1.029874568926e+00  ,1.057604645995e+04  
  7.231294873047e+00  ,9.308175908689e-01  ,1.057215091337e+04  
  7.241294873047e+00  ,9.679158909879e-01  ,1.056829753770e+04  
  7.251294873047e+00  ,1.010147404401e+00  ,1.056458971791e+04  
  7.261294873047e+00  ,1.002841273232e+00  ,1.056095223944e+04  
  7.271294873047e+00  ,1.026694540239e+00  ,1.055736920821e+04  
  7.281294873047e+00  ,9.691793572802e-01  ,1.055368920565e+04  
  7.291294873047e+00  ,9.401013214515e-01  ,1.054991061386e+04  
  7.301294873047e+00  ,1.010605182043e+00  ,1.054630718617e+04  
  7.311294873047e+00  ,1.014029358806e+00  ,1.054280907876e+04  
  7.321294873047e+00  ,9.647480697043e-01  ,1.053921016852e+04  
  7.331294873047e+00  ,9.123294778283e-01  ,1.053545988673e+04  
  7.341294873047e+00  ,9.221869563890e-01  ,1.053164455769e+04  
  7.351294873047e+00  ,1.079210791345e+00  ,1.052817156040e+04  
  7.361294873047e+00  ,9.150822473830e-01  ,1.052450737734e+04  
  7.371294873047e+00  ,9.865565965758e-01  ,1.052090655442e+04  
  7.381294873047e+00  ,1.035093234046e+00  ,1.051754222179e+04  
  7.391294873047e+00  ,9.997772148808e-01  ,1.051424507582e+04  
  7.401294873047e+00  ,9.775048066652e-01  ,1.051086632763e+04  
  7.411294873047e+00  ,9.210455641346e-01  ,1.050733234862e+04  
  7.421294873047e+00  ,1.083983886227e+00  ,1.050414873807e+04  
  7.431294873047e+00  ,1.043302713095e+00  ,1.050101050687e+04  
  7.441294873047e+00  ,1.034580523087e+00  ,1.049788153564e+04  
  7.451294873047e+00  ,9.122806482131e-01  ,1.049454067135e+04  
  7.461294873047e+00  ,1.046696371349e+00  ,1.049123976526e+04  
  7.471294873047e+00  ,1.074394970550e+00  ,1.048824664841e+04  
  7.481294873047e+00  ,9.980193487350e-01  ,1.048513879396e+04  
  7.491294873047e+00  ,1.008462782678e+00  ,1.048202952563e+04  
  7.501294873047e+00  ,9.287484359264e-01  ,1.047878566547e+04  
  7.511294873047e+00  ,9.262459181494e-01  ,1.047546138433e+04  
  7.521294873047e+00  ,9.191106906339e-01  ,1.047210728734e+04  
  7.531294873047e+00  ,9.030701620533e-01  ,1.046871614104e+04  
  7.541294873047e+00  ,1.007559434797e+00  ,1.046550800074e+04  
  7.551294873047e+00  ,9.928556169317e-01  ,1.046248736218e+04  
  7.561294873047e+00  ,1.037101351970e+00  ,1.045956264282e+04  
  7.571294873047e+00  ,9.148197882015e-01  ,1.045640535792e+04  
  7.581294873047e+00  ,9.177678762169e-01  ,1.045319325798e+04  
  7.591294873047e+00  ,1.098150578326e+00  ,1.045035544755e+04  
  7.601294873047e+00  ,9.966826380200e-01  ,1.044756786273e+04  
  7.611294873047e+00  ,1.060093997009e+00  ,1.044474588189e+04  
  7.621294873047e+00  ,1.058757286294e+00  ,1.044200132529e+04  
  7.631294873047e+00  ,9.983794671468e-01  ,1.043921588447e+04  
  7.641294873047e+00  ,9.659199804682e-01  ,1.043632063495e+04  
  7.651294873047e+00  ,1.024259163182e+00  ,1.043347029148e+04  
  7.661294873047e+00  ,9.056947538682e-01  ,1.043053400653e+04  
  7.671294873047e+00  ,9.739402447584e-01  ,1.042754023578e+04  
  7.681294873047e+00  ,1.085753959777e+00  ,1.042485461276e+04  
  7.691294873047e+00  ,9.381115146336e-01  ,1.042211591444e+04  
  7.701294873047e+00  ,9.054200872829e-01  ,1.041912231413e+04  
  7.711294873047e+00  ,1.066893520920e+00  ,1.041643858960e+04  
  7.721294873047e+00  ,9.824365977966e-01  ,1.041380077651e+04  
  7.731294873047e+00  ,9.655476546525e-01  ,1.041103690590e+04  
  7.741294873047e+00  ,9.382213812677e-01  ,1.040821623728e+04  
  7.751294873047e+00  ,1.020444349498e+00  ,1.040555331566e+04  
  7.761294873047e+00  ,9.741233558153e-01  ,1.040286614834e+04  
  7.771294873047e+00  ,1.008865627003e+00  ,1.040024912584e+04  
  7.781294873047e+00  ,1.026975310526e+00  ,1.039769908815e+04  
  7.791294873047e+00  ,1.076616718039e+00  ,1.039526447189e+04  
  7.801294873047e+00  ,9.027893917661e-01  ,1.039264723463e+04  
  7.811294873047e+00  ,9.379039887692e-01  ,1.038985718075e+04  
  7.821294873047e+00  ,1.074748985260e+00  ,1.038737105677e+04  
  7.831294873047e+00  ,1.088396862697e+00  ,1.038505983609e+04  
  7.841294873047e+00  ,1.022885830256e+00  ,1.038266813030e+04  
  7.851294873047e+00  ,1.049253822443e+00  ,1.038027646357e+04  
  7.861294873047e+00  ,9.122013000885e-01  ,1.037774162207e+04  
  7.871294873047e+00  ,9.025574510941e-01  ,1.037507595987e+04  
  7.881294873047e+00  ,1.077745902890e+00  ,1.037269482737e+04  
  7.891294873047e+00  ,9.617572557756e-01  ,1.037031735965e+04  
  7.901294873047e+00  ,1.036002685629e+00  ,1.036790603886e+04  
  7.911294873047e+00  ,1.069475386822e+00  ,1.036562577176e+04  
  7.921294873047e+00  ,9.952909939879e-01  ,1.036328018913e+04  
  7.931294873047e+00  ,1.054667806024e+00  ,1.036098110629e+04  
  7.941294873047e+00  ,9.194586016419e-01  ,1.035859195597e+04  
  7.951294873047e+00  ,1.036069826350e+00  ,1.035630653088e+04  
  7.961294873047e+00  ,9.340220343638e-01  ,1.035388966169e+04  
  7.971294873047e+00  ,1.054533524583e+00  ,1.035164223602e+04  
  7.981294873047e+00  ,1.076744895779e+00  ,1.034949190556e+04  
  7.991294873047e+00  ,1.078319650868e+00  ,1.034738466181e+04  
  8.001294873047e+00  ,9.106753746147e-01  ,1.034509766718e+04  
  8.011294873047e+00  ,1.077263710440e+00  ,1.034282338901e+04  
  8.021294873047e+00  ,9.618121890927e-01  ,1.034063551130e+04  
  8.031294873047e+00  ,9.293527024140e-01  ,1.033831544252e+04  
  8.041294873047e+00  ,9.407788323618e-01  ,1.033595310445e+04  
  8.051294873047e+00  ,9.314340647603e-01  ,1.033361022416e+04  
  8.061294873047e+00  ,1.083397930845e+00  ,1.033144638653e+04  
  8.071294873047e+00  ,9.595904416028e-01  ,1.032923002641e+04  
  8.081294873047e+00  ,9.233588671529e-01  ,1.032694287682e+04  
  8.091294873047e+00  ,9.892422254097e-01  ,1.032471148897e+04  
  8.101294873047e+00  ,1.017197180090e+00  ,1.032260979075e+04  
  8.111294873047e+00  ,1.065025788141e+00  ,1.032060267869e+04  
  8.121294873047e+00  ,1.000991851558e+00  ,1.031855172254e+04  
  8.131294873047e+00  ,1.031229590747e+00  ,1.031653831357e+04  
  8.141294873047e+00  ,1.096685689871e+00  ,1.031463033259e+04  
  8.151294873047e+00  ,9.199774163030e-01  ,1.031258811856e+04  
  8.161294873047e+00  ,1.026554155095e+00  ,1.031049028935e+04  
  8.171294873047e+00  ,9.711264381848e-01  ,1.030840827097e+04  
  8.181294873047e+00  ,1.063567003388e+00  ,1.030646898566e+04  
  8.191294873047e+00  ,9.505996887112e-01  ,1.030442576630e+04  
  8.201294873047e+00  ,1.067827387310e+00  ,1.030252065920e+04  
  8.211294873047e+00  ,1.067021698660e+00  ,1.030066819612e+04  
  8.221294873047e+00  ,1.059337137974e+00  ,1.029883124075e+04  
  8.231294873047e+00  ,1.085247352519e+00  ,1.029703090060e+04  
  8.241294873047e+00  ,9.812585833308e-01  ,1.029516384018e+04  
  8.251294873047e+00  ,9.250495925779e-01  ,1.029314323966e+04  
  8.261294873047e+00  ,1.039066743980e+00  ,1.029125599424e+04  
  8.271294873047e+00  ,1.038090151677e+00  ,1.028944025047e+04  
  8.281294873047e+00  ,9.860988189337e-01  ,1.028758365488e+04  
  8.291294873047e+00  ,9.020264290292e-01  ,1.028557734478e+04  
  8.301294873047e+00  ,9.886989959410e-01  ,1.028366118714e+04  
  8.311294873047e+00  ,9.822351756340e-01  ,1.028177457312e+04  
  8.321294873047e+00  ,1.070195623646e+00  ,1.028001540413e+04  
  8.331294873047e+00  ,1.013034455397e+00  ,1.027823736024e+04  
  8.341294873047e+00  ,1.027164525285e+00  ,1.027647809882e+04  
  8.351294873047e+00  ,9.684591204566e-01  ,1.027465654151e+04  
  8.361294873047e+00  ,9.586504715110e-01  ,1.027280884229e+04  
  8.371294873047e+00  ,9.503921628468e-01  ,1.027094925109e+04  
  8.381294873047e+00  ,9.744102298044e-01  ,1.026912706685e+04  
  8.391294873047e+00  ,9.459425641652e-01  ,1.026730042755e+04  
  8.401294873047e+00  ,1.076683858760e+00  ,1.026562621699e+04  
  8.411294873047e+00  ,9.202520828883e-01  ,1.026381409595e+04  
  8.421294873047e+00  ,1.066832483901e+00  ,1.026214831787e+04  
  8.431294873047e+00  ,9.412121951964e-01  ,1.026038493566e+04  
  8.441294873047e+00  ,1.037772759178e+00  ,1.025871747737e+04  
  8.451294873047e+00  ,9.029297769097e-01  ,1.025691480094e+04  
  8.461294873047e+00  ,1.001065095981e+00  ,1.025520657608e+04  
  8.471294873047e+00  ,1.051518295846e+00  ,1.025359371039e+04  
  8.481294873047e+00  ,1.088561662648e+00  ,1.025205709630e+04  
  8.491294873047e+00  ,1.043363750114e+00  ,1.025052828124e+04  
  8.501294873047e+00  ,9.876857814264e-01  ,1.024892678424e+04  
  8.511294873047e+00  ,1.008908352916e+00  ,1.024730681399e+04  
  8.521294873047e+00  ,1.041575365459e+00  ,1.024574267443e+04  
  8.531294873047e+00  ,9.779137546922e-01  ,1.024416162946e+04  
  8.541294873047e+00  ,9.958403271584e-01  ,1.024255284270e+04  
  8.551294873047e+00  ,9.712912381359e-01  ,1.024093638380e+04  
  8.561294873047e+00  ,9.270943327128e-01  ,1.023926914291e+04  
  8.571294873047e+00  ,1.003720206305e+00  ,1.023765160625e+04  
  8.581294873047e+00  ,1.070152897732e+00  ,1.023616531431e+04  
  8.591294873047e+00  ,1.096673482467e+00  ,1.023474683037e+04  
  8.601294873047e+00  ,1.095440534684e+00  ,1.023336548899e+04  
  8.611294873047e+00  ,1.096881008332e+00  ,1.023199240303e+04  
  8.621294873047e+00  ,9.011841181677e-01  ,1.023041402129e+04  
  8.631294873047e+00  ,9.568315683462e-01  ,1.022879151873e+04  
  8.641294873047e+00  ,1.000869777520e+00  ,1.022726953805e+04  
  8.651294873047e+00  ,1.085711233863e+00  ,1.022586442568e+04  
  8.661294873047e+00  ,9.306161687063e-01  ,1.022434242096e+04  
  8.671294873047e+00  ,9.467543565172e-01  ,1.022280789543e+04  
  8.681294873047e+00  ,9.984038819544e-01  ,1.022133313900e+04  
  8.691294873047e+00  ,9.853724784082e-01  ,1.021988278732e+04  
  8.701294873047e+00  ,9.724692526017e-01  ,1.021842129831e+04  
  8.711294873047e+00  ,9.459547715690e-01  ,1.021693315153e+04  
  8.721294873047e+00  ,9.847193823054e-01  ,1.021548518547e+04  
  8.731294873047e+00  ,1.000009155553e+00  ,1.021407252642e+04  
  8.741294873047e+00  ,1.031583605457e+00  ,1.021270488460e+04  
  8.751294873047e+00  ,9.880581072420e-01  ,1.021133715143e+04  
  8.761294873047e+00  ,1.014554277169e+00  ,1.020996599780e+04  
  8.771294873047e+00  ,9.987640003662e-01  ,1.020860148273e+04  
  8.781294873047e+00  ,9.006164738914e-01  ,1.020713835222e+04  
  8.791294873047e+00  ,9.947721793268e-01  ,1.020575162797e+04  
  8.801294873047e+00  ,9.236091189306e-01  ,1.020435152431e+04  
  8.811294873047e+00  ,9.718649861141e-01  ,1.020297526052e+04  
  8.821294873047e+00  ,1.016830957976e+00  ,1.020165607377e+04  
  8.831294873047e+00  ,9.306405835139e-01  ,1.020030514767e+04  
  8.841294873047e+00  ,1.089471114231e+00  ,1.019900832056e+04  
  8.851294873047e+00  ,1.073015533921e+00  ,1.019777976820e+04  
  8.861294873047e+00  ,9.598040711692e-01  ,1.019647784043e+04  
  8.871294873047e+00  ,1.034696493423e+00  ,1.019519548001e+04  
  8.881294873047e+00  ,9.615619373150e-01  ,1.019392316164e+04  
  8.891294873047e+00  ,9.543900875881e-01  ,1.019261872158e+04  
  8.901294873047e+00  ,1.071562852870e+00  ,1.019141208886e+04  
  8.911294873047e+00  ,1.085302285836e+00  ,1.019026571926e+04  
  8.921294873047e+00  ,1.091589098788e+00  ,1.018913752684e+04  
  8.931294873047e+00  ,1.000448622089e+00  ,1.018794532058e+04  
  8.941294873047e+00  ,9.800683614612e-01  ,1.018671877318e+04  
  8.951294873047e+00  ,9.544999542222e-01  ,1.018546239629e+04  
  8.961294873047e+00  ,1.095538193915e+00  ,1.018431787449e+04  
  8.971294873047e+00  ,9.668294320505e-01  ,1.018315460551e+04  
  8.981294873047e+00  ,9.075746940519e-01  ,1.018187701953e+04  
  8.991294873047e+00  ,1.008041627247e+00  ,1.018067290672e+04  
  9.001294873047e+00  ,1.078630939665e+00  ,1.017955005568e+04  
  9.011294873047e+00  ,1.030552079836e+00  ,1.017844804889e+04  
  9.021294873047e+00  ,9.449903866695e-01  ,1.017727096969e+04  
  9.031294873047e+00  ,1.007339701529e+00  ,1.017611939586e+04  
  9.041294873047e+00  ,9.543656727805e-01  ,1.017495028560e+04  
  9.051294873047e+00  ,9.578386791589e-01  ,1.017376945456e+04  
  9.061294873047e+00  ,9.734214300974e-01  ,1.017260366849e+04  
  9.071294873047e+00  ,1.069664601581e+00  ,1.017150485156e+04  
  9.081294873047e+00  ,9.890102847377e-01  ,1.017042317219e+04  
  9.091294873047e+00  ,9.957365642262e-01  ,1.016930683032e+04  
  9.101294873047e+00  ,1.014358958708e+00  ,1.016821501230e+04  
  9.111294873047e+00  ,9.427686391797e-01  ,1.016709478482e+04  
  9.121294873047e+00  ,1.002652058473e+00  ,1.016597496377e+04  
  9.131294873047e+00  ,9.937955870235e-01  ,1.016488044085e+04  
  9.141294873047e+00  ,1.089526047548e+00  ,1.016386652986e+04  
  9.151294873047e+00  ,9.502456740013e-01  ,1.016278106843e+04  
  9.161294873047e+00  ,9.582354197821e-01  ,1.016168341409e+04  
  9.171294873047e+00  ,9.621356852931e-01  ,1.016058993078e+04  
  9.181294873047e+00  ,9.717978453932e-01  ,1.015950804667e+04  
  9.191294873047e+00  ,1.063792840358e+00  ,1.015850320227e+04  
  9.201294873047e+00  ,9.696615497299e-01  ,1.015748942837e+04  
  9.211294873047e+00  ,9.720358897671e-01  ,1.015643304767e+04  
  9.221294873047e+00  ,9.083803827021e-01  ,1.015533173431e+04  
  9.231294873047e+00  ,1.058720664083e+00  ,1.015433409812e+04  
  9.241294873047e+00  ,1.060325937681e+00  ,1.015337597327e+04  
  9.251294873047e+00  ,1.005380413221e+00  ,1.015239825669e+04  
  9.261294873047e+00  ,1.097466963713e+00  ,1.015145802719e+04  
  9.271294873047e+00  ,1.008890041810e+00  ,1.015049694247e+04  
  9.281294873047e+00  ,9.032471694082e-01  ,1.014945127959e+04  
  9.291294873047e+00  ,1.059172338023e+00  ,1.014845263474e+04  
  9.301294873047e+00  ,9.997039704581e-01  ,1.014747868497e+04  
  9.311294873047e+00  ,1.077373577074e+00  ,1.014656640992e+04  
  9.321294873047e+00  ,1.074187444685e+00  ,1.014567641366e+04  
  9.331294873047e+00  ,9.113711966308e-01  ,1.014468442275e+04  
  9.341294873047e+00  ,1.065660573138e+00  ,1.014372567670e+04  
  9.351294873047e+00  ,1.059044160283e+00  ,1.014285067167e+04  
  9.361294873047e+00  ,1.048747215186e+00  ,1.014197307245e+04  
  9.371294873047e+00  ,1.054350413526e+00  ,1.014109931419e+04  
  9.381294873047e+00  ,9.605548265023e-01  ,1.014018781492e+04  
  9.391294873047e+00  ,1.031388286996e+00  ,1.013927158305e+04  
  9.401294873047e+00  ,1.075048066652e+00  ,1.013840994456e+04  
  9.411294873047e+00  ,1.002090517899e+00  ,1.013754554689e+04  
  9.421294873047e+00  ,1.067516098514e+00  ,1.013668318431e+04  
  9.431294873047e+00  ,9.697653126621e-01  ,1.013578574997e+04  
  9.441294873047e+00  ,9.528763695181e-01  ,1.013486903347e+04  
  9.451294873047e+00  ,1.077556688131e+00  ,1.013402617635e+04  
  9.461294873047e+00  ,9.505447553941e-01  ,1.013316473519e+04  
  9.471294873047e+00  ,1.083379619739e+00  ,1.013231070851e+04  
  9.481294873047e+00  ,1.050859096042e+00  ,1.013148448096e+04  
  9.491294873047e+00  ,1.086333811457e+00  ,1.013068974305e+04  
  9.501294873047e+00  ,9.586260567034e-01  ,1.012983422284e+04  
  9.511294873047e+00  ,9.281502731407e-01  ,1.012894148752e+04  
  9.521294873047e+00  ,9.926664021729e-01  ,1.012808285324e+04  
  9.531294873047e+00  ,9.828699606311e-01  ,1.012723330082e+04  
  9.541294873047e+00  ,1.051951658681e+00  ,1.012642070701e+04  
  9.551294873047e+00  ,1.052909939879e+00  ,1.012563349607e+04  
  9.561294873047e+00  ,9.437025055696e-01  ,1.012479363894e+04  
  9.571294873047e+00  ,9.355357524339e-01  ,1.012392633640e+04  
  9.581294873047e+00  ,1.031754509110e+00  ,1.012310424159e+04  
  9.591294873047e+00  ,1.034885708182e+00  ,1.012231802567e+04  
  9.601294873047e+00  ,9.293465987121e-01  ,1.012148435737e+04  
  9.611294873047e+00  ,1.096771141697e+00  ,1.012069958481e+04  
  9.621294873047e+00  ,1.054887539293e+00  ,1.011997442582e+04  
  9.631294873047e+00  ,1.061040070803e+00  ,1.011924665121e+04  
  9.641294873047e+00  ,9.161748100223e-01  ,1.011843807348e+04  
  9.651294873047e+00  ,1.084533219398e+00  ,1.011770003355e+04  
  9.661294873047e+00  ,1.014407788324e+00  ,1.011695346653e+04  
  9.671294873047e+00  ,9.112674336985e-01  ,1.011614633124e+04  
  9.681294873047e+00  ,1.087255470443e+00  ,1.011541909002e+04  
  9.691294873047e+00  ,1.081383709220e+00  ,1.011473165023e+04  
  9.701294873047e+00  ,1.067455061495e+00  ,1.011404070345e+04  
  9.711294873047e+00  ,1.099853511155e+00  ,1.011336091958e+04  
  9.721294873047e+00  ,1.042838831751e+00  ,1.011267657041e+04  
  9.731294873047e+00  ,9.573320719016e-01  ,1.011193846308e+04  
  9.741294873047e+00  ,1.091582995087e+00  ,1.011122614980e+04  
  9.751294873047e+00  ,1.031296731468e+00  ,1.011054786166e+04  
  9.761294873047e+00  ,9.577349162267e-01  ,1.010982164300e+04  
  9.771294873047e+00  ,9.228095339824e-01  ,1.010905869808e+04  
  9.781294873047e+00  ,9.509231849116e-01  ,1.010829806167e+04  
  9.791294873047e+00  ,9.269661549730e-01  ,1.010754468672e+04  
  9.801294873047e+00  ,1.026566362499e+00  ,1.010684221227e+04  
  9.811294873047e+00  ,9.179265724662e-01  ,1.010610205614e+04  
  9.821294873047e+00  ,9.533463545640e-01  ,1.010537302930e+04  
  9.831294873047e+00  ,9.786156804102e-01  ,1.010466438247e+04  
  9.841294873047e+00  ,1.028086184271e+00  ,1.010398622649e+04  
  9.851294873047e+00  ,1.044370860927e+00  ,1.010333593479e+04  
  9.861294873047e+00  ,9.798547318949e-01  ,1.010267247312e+04  
  9.871294873047e+00  ,1.085106967376e+00  ,1.010202588132e+04  
  9.881294873047e+00  ,9.400036622211e-01  ,1.010136811063e+04  
  9.891294873047e+00  ,1.046055482650e+00  ,1.010073188319e+04  
  9.901294873047e+00  ,1.067540513321e+00  ,1.010011433961e+04  
  9.911294873047e+00  ,1.028629413739e+00  ,1.009948914828e+04  
  9.921294873047e+00  ,1.035392315439e+00  ,1.009886428069e+04  
  9.931294873047e+00  ,9.448988311411e-01  ,1.009821353887e+04  
  9.941294873047e+00  ,9.272713400678e-01  ,1.009753653007e+04  
  9.951294873047e+00  ,1.046598712119e+00  ,1.009690991349e+04  
  9.961294873047e+00  ,9.919583727531e-01  ,1.009629261203e+04  
  9.971294873047e+00  ,1.037955870235e+00  ,1.009568740268e+04  
  9.981294873047e+00  ,9.774193548387e-01  ,1.009506219478e+04  
  9.991294873047e+00  ,1.055485702078e+00  ,1.009446650589e+04  
  1.000000000000e+01  ,1.045512253182e+00  ,1.009395507015e+04  
