  Time                 , V(VN)                , V(VS)                
  1.000000000000e-10  ,1.064229047824e-02  ,1.500000000000e+00  
  1.816187821329e-10  ,2.027524504592e-02  ,1.500000000000e+00  
  3.448563463986e-10  ,4.095902274275e-02  ,1.500000000000e+00  
  6.713314749300e-10  ,8.620217742282e-02  ,1.500000000000e+00  
  1.324281731993e-09  ,1.700500520528e-01  ,1.500000000000e+00  
  2.630182246119e-09  ,6.616776932333e-03  ,1.500000000000e+00  
  5.072110036761e-09  ,-1.080793566643e-03  ,1.500000000000e+00  
  6.400000000000e-09  ,9.427181811930e-04  ,1.500000000000e+00  
  7.114285714286e-09  ,-9.631811411737e-05  ,1.500000000000e+00  
  8.542934543746e-09  ,3.307713301410e-04  ,1.500000000000e+00  
  9.864481277125e-09  ,-7.303898819644e-07  ,1.500000000000e+00  
  1.237085658993e-08  ,1.595815544704e-04  ,1.500000000000e+00  
  1.577167410340e-08  ,-4.446513134937e-05  ,1.500000000000e+00  
  1.955209869828e-08  ,9.621952354166e-05  ,1.500000000000e+00  
  2.425043482270e-08  ,-4.438877029145e-05  ,1.500000000000e+00  
  3.364710707154e-08  ,7.497349295704e-05  ,1.500000000000e+00  
  5.244045156922e-08  ,-7.510451017367e-05  ,1.500000000000e+00  
  7.350000000000e-08  ,2.570972745843e-04  ,1.500000000000e+00  
  7.360000000000e-08  ,4.245949263293e-05  ,1.500000000000e+00  
  7.370000000000e-08  ,6.659144584376e-05  ,1.500000000000e+00  
  7.447681615949e-08  ,-3.223037415125e-04  ,1.500000000000e+00  
  7.533661316037e-08  ,-3.066588925549e-04  ,1.500000000000e+00  
  7.705620716214e-08  ,-1.881147219365e-03  ,1.500000000000e+00  
  7.990000000000e-08  ,-4.141912803789e-03  ,1.500000000000e+00  
  8.061428571429e-08  ,-4.957971737895e-03  ,1.500000000000e+00  
  8.204293454375e-08  ,-5.926312861902e-03  ,1.500000000000e+00  
  8.490023220267e-08  ,-8.501185969180e-03  ,1.500000000000e+00  
  9.061482752051e-08  ,-1.290203821463e-02  ,1.500000000000e+00  
  1.020440181562e-07  ,-2.190116041129e-02  ,1.500000000000e+00  
  1.249023994276e-07  ,-3.749745016466e-02  ,1.500000000000e+00  
  1.706191619703e-07  ,-6.328841496725e-02  ,1.500000000000e+00  
  2.620526870557e-07  ,-9.629790385225e-02  ,1.500000000000e+00  
  4.449197372266e-07  ,-1.222440672500e-01  ,1.500000000000e+00  
  8.106538375684e-07  ,-1.147620766933e-01  ,1.500000000000e+00  
  1.173050077803e-06  ,-8.729309662158e-02  ,1.500000000000e+00  
  1.692135008223e-06  ,-4.314587702538e-02  ,1.500000000000e+00  
  2.730304869063e-06  ,5.118241211676e-02  ,1.500000000000e+00  
  4.806644590742e-06  ,2.319547155785e-01  ,1.500000000000e+00  
  8.959324034102e-06  ,5.061199908669e-01  ,1.500000000000e+00  
  1.726468292082e-05  ,8.029223327176e-01  ,1.500000000000e+00  
  3.387540069426e-05  ,9.810608683620e-01  ,1.500000000000e+00  
  6.709683624113e-05  ,9.973296790849e-01  ,1.500000000000e+00  
  1.335397073349e-04  ,9.918885329389e-01  ,1.500000000000e+00  
  2.424264260849e-04  ,9.952618850511e-01  ,1.500000000000e+00  
  4.601998635849e-04  ,9.927209605812e-01  ,1.500000000000e+00  
  8.957467385849e-04  ,9.949742124300e-01  ,1.500000000000e+00  
  1.766840488585e-03  ,9.928128832835e-01  ,1.500000000000e+00  
  3.509027988585e-03  ,9.947559763095e-01  ,1.500000000000e+00  
  6.993402988585e-03  ,9.925308350357e-01  ,1.500000000000e+00  
  1.396215298858e-02  ,9.941125054611e-01  ,1.500000000000e+00  
  2.789965298858e-02  ,9.912829939276e-01  ,1.500000000000e+00  
  5.577465298858e-02  ,9.915877202293e-01  ,1.500000000000e+00  
  1.115246529886e-01  ,9.862262523966e-01  ,1.500000000000e+00  
  2.230246529886e-01  ,9.813565280638e-01  ,1.500000000000e+00  
  4.460246529886e-01  ,9.653986910707e-01  ,1.500000000000e+00  
  8.920246529886e-01  ,9.380133068189e-01  ,1.500000000000e+00  
  1.784024652989e+00  ,8.725505096372e-01  ,1.500000000000e+00  
  2.784024652989e+00  ,7.973647619365e-01  ,1.500000000000e+00  
  3.784024652989e+00  ,7.185807011556e-01  ,1.500000000000e+00  
  4.784024652989e+00  ,6.498279965599e-01  ,1.500000000000e+00  
  5.000000000012e+00  ,6.347465698491e-01  ,1.500000000000e+00  
  5.001000000011e+00  ,5.661536031403e-01  ,1.349999998380e+00  
  5.003000000011e+00  ,4.264184243220e-01  ,1.049999998380e+00  
  5.003500000011e+00  ,3.915197242459e-01  ,9.749999983801e-01  
  5.004500000011e+00  ,3.219844614796e-01  ,8.249999983801e-01  
  5.006500000011e+00  ,1.856484445016e-01  ,5.249999983801e-01  
  5.006554687511e+00  ,1.820453341788e-01  ,5.167968733772e-01  
  5.006620312511e+00  ,1.777279880771e-01  ,5.069531233772e-01  
  5.006751562511e+00  ,5.843730038760e-02  ,4.872656233772e-01  
  5.007014062511e+00  ,-1.906686724251e-01  ,4.478906233772e-01  
  5.007539062511e+00  ,-1.908990192314e-01  ,3.691406233772e-01  
  5.008333886730e+00  ,-1.907226153562e-01  ,2.499169905647e-01  
  5.009338378917e+00  ,-1.905372138426e-01  ,9.924316243977e-02  
  5.009421081554e+00  ,-1.095114561467e-01  ,8.683776690974e-02  
  5.009478973399e+00  ,-9.171537298971e-02  ,7.815399021882e-02  
  5.009594757090e+00  ,-1.808344908816e-06  ,6.078643650791e-02  
  5.009623703013e+00  ,-1.139113539272e-06  ,5.644454808018e-02  
  5.009681594859e+00  ,-7.335191509750e-07  ,4.776077122473e-02  
  5.009797378550e+00  ,-4.922178730160e-07  ,3.039321751381e-02  
  5.010000000012e+00  ,-4.095517227576e-07  ,0.000000000000e+00  
  5.010023156750e+00  ,-4.023061409286e-07  ,0.000000000000e+00  
  5.010069470227e+00  ,-3.965501044201e-07  ,0.000000000000e+00  
  5.010162097180e+00  ,-3.889840470561e-07  ,0.000000000000e+00  
  5.010347351086e+00  ,-3.823012746651e-07  ,0.000000000000e+00  
  5.010717858899e+00  ,-3.793824666642e-07  ,0.000000000000e+00  
  5.011458874524e+00  ,-3.796113323407e-07  ,0.000000000000e+00  
  5.012940905774e+00  ,-3.798334091976e-07  ,0.000000000000e+00  
  5.015904968274e+00  ,-3.803968277039e-07  ,0.000000000000e+00  
  5.021833093274e+00  ,-3.814171804783e-07  ,0.000000000000e+00  
  5.033689343274e+00  ,-3.834757535404e-07  ,0.000000000000e+00  
  5.057401843274e+00  ,-3.872739638422e-07  ,0.000000000000e+00  
  5.104826843274e+00  ,-3.941744875224e-07  ,0.000000000000e+00  
  5.199676843274e+00  ,-4.054709383527e-07  ,0.000000000000e+00  
  5.389376843274e+00  ,-4.217937897011e-07  ,0.000000000000e+00  
  5.768776843274e+00  ,-4.412487056293e-07  ,0.000000000000e+00  
  6.000000000012e+00  ,-4.485950894917e-07  ,0.000000000000e+00  
  6.005000000011e+00  ,-4.786806545864e-07  ,1.500000003240e-01  
  6.015000000011e+00  ,-2.031654425373e-01  ,4.500000003240e-01  
  6.035000000011e+00  ,6.032698118943e-01  ,1.050000000324e+00  
  6.050000000012e+00  ,8.923816520837e-01  ,1.500000000000e+00  
  6.053409375012e+00  ,8.918524435721e-01  ,1.500000000000e+00  
  6.060228125012e+00  ,8.915054530371e-01  ,1.500000000000e+00  
  6.073865625012e+00  ,8.903782784473e-01  ,1.500000000000e+00  
  6.097243750012e+00  ,8.887889640755e-01  ,1.500000000000e+00  
  6.144000000012e+00  ,8.852382548503e-01  ,1.500000000000e+00  
  6.237512500012e+00  ,8.784381520236e-01  ,1.500000000000e+00  
  6.424537500012e+00  ,8.643238359946e-01  ,1.500000000000e+00  
  6.798587500012e+00  ,8.358542154310e-01  ,1.500000000000e+00  
  7.546687500012e+00  ,7.774064349942e-01  ,1.500000000000e+00  
  8.546687500012e+00  ,7.014093581238e-01  ,1.500000000000e+00  
  9.546687500012e+00  ,6.336034431006e-01  ,1.500000000000e+00  
  1.054668750001e+01  ,5.785561707453e-01  ,1.500000000000e+00  
  1.100000000001e+01  ,5.580737648415e-01  ,1.500000000000e+00  
  1.100300000001e+01  ,4.963146816299e-01  ,1.349999999460e+00  
  1.100900000001e+01  ,3.725893292285e-01  ,1.049999999460e+00  
  1.101050000001e+01  ,3.417546821584e-01  ,9.749999994600e-01  
  1.101350000001e+01  ,2.804071607825e-01  ,8.249999994600e-01  
  1.101950000001e+01  ,1.611591272813e-01  ,5.249999994600e-01  
  1.101966406251e+01  ,1.580286112439e-01  ,5.167968744591e-01  
  1.101970507814e+01  ,1.572492470877e-01  ,5.147460932091e-01  
  1.101978710939e+01  ,1.556902581942e-01  ,5.106445307090e-01  
  1.101995117189e+01  ,1.525573562831e-01  ,5.024414057091e-01  
  1.101999218751e+01  ,1.010921457564e-01  ,5.003906244591e-01  
  1.102007421876e+01  ,-1.827612525667e-01  ,4.962890619591e-01  
  1.102023828126e+01  ,-1.881970206159e-01  ,4.880859369591e-01  
  1.102049360353e+01  ,-1.828695394070e-01  ,4.753198236778e-01  
  1.102100424806e+01  ,-1.882271896466e-01  ,4.497875971153e-01  
  1.102202553712e+01  ,-1.829966363148e-01  ,3.987231439903e-01  
  1.102406811525e+01  ,-1.883994698583e-01  ,2.965942377403e-01  
  1.102457875978e+01  ,-1.831613002141e-01  ,2.710620111778e-01  
  1.102560004884e+01  ,-1.884665341058e-01  ,2.199975580528e-01  
  1.102585537110e+01  ,-1.832759272220e-01  ,2.072314447716e-01  
  1.102636601564e+01  ,-1.884579334437e-01  ,1.816992182091e-01  
  1.102738730470e+01  ,-1.829278032819e-01  ,1.306347650841e-01  
  1.102741921998e+01  ,-1.406292113097e-01  ,1.290390009239e-01  
  1.102748305055e+01  ,-1.134800766158e-01  ,1.258474726036e-01  
  1.102761071168e+01  ,-8.627710191611e-06  ,1.194644159630e-01  
  1.102764262696e+01  ,-1.730376655962e-06  ,1.178686518028e-01  
  1.102770645753e+01  ,-8.689969038800e-07  ,1.146771234825e-01  
  1.102783411866e+01  ,-4.457178637285e-07  ,1.082940668418e-01  
  1.102808944093e+01  ,-3.949995045771e-07  ,9.552795356056e-02  
  1.102860008546e+01  ,-3.271653022940e-07  ,6.999572699806e-02  
  1.102962137452e+01  ,-3.782050606305e-07  ,1.893127387307e-02  
  1.103000000001e+01  ,-3.311510017867e-07  ,0.000000000000e+00  
  1.103009172364e+01  ,-3.542981323046e-07  ,0.000000000000e+00  
  1.103027517091e+01  ,-3.543693021246e-07  ,0.000000000000e+00  
  1.103062785646e+01  ,-3.544752416595e-07  ,0.000000000000e+00  
  1.103133322755e+01  ,-3.546709470281e-07  ,0.000000000000e+00  
  1.103274396974e+01  ,-3.550570815691e-07  ,0.000000000000e+00  
  1.103556545411e+01  ,-3.558213883814e-07  ,0.000000000000e+00  
  1.104120842286e+01  ,-3.573382519606e-07  ,0.000000000000e+00  
  1.105249436036e+01  ,-3.602510457723e-07  ,0.000000000000e+00  
  1.107506623536e+01  ,-3.656720708456e-07  ,0.000000000000e+00  
  1.112020998536e+01  ,-3.751835984389e-07  ,0.000000000000e+00  
  1.121049748536e+01  ,-3.902777316600e-07  ,0.000000000000e+00  
  1.139107248536e+01  ,-4.109962149501e-07  ,0.000000000000e+00  
  1.175222248536e+01  ,-4.345761048241e-07  ,0.000000000000e+00  
  1.200000000001e+01  ,-4.441358937846e-07  ,9.999408708457e-10  
  1.200300000001e+01  ,-2.025086762151e-01  ,2.500000008999e-01  
  1.200900000001e+01  ,3.995070236560e-01  ,7.500000008999e-01  
  1.202100000001e+01  ,1.034019478364e+00  ,1.750000000900e+00  
  1.202279789940e+01  ,1.123549037846e+00  ,1.899824950000e+00  
  1.202351810946e+01  ,1.163925038069e+00  ,1.959842455000e+00  
  1.202366153390e+01  ,1.171461806051e+00  ,1.971794491667e+00  
  1.202375084340e+01  ,1.176139453310e+00  ,1.979236950000e+00  
  1.202378816360e+01  ,1.178093508002e+00  ,1.982346966667e+00  
  1.202378816370e+01  ,1.178073291085e+00  ,1.982346975000e+00  
  1.202378817148e+01  ,1.178088012617e+00  ,1.982347623077e+00  
  1.202378818703e+01  ,1.178088964545e+00  ,1.982348919229e+00  
  1.202378821409e+01  ,1.178090250702e+00  ,1.982351173775e+00  
  1.202378826819e+01  ,1.178093166091e+00  ,1.982355682866e+00  
  1.202378837641e+01  ,1.178098674165e+00  ,1.982364701049e+00  
  1.202378859285e+01  ,1.178109960631e+00  ,1.982382737414e+00  
  1.202378902572e+01  ,1.178132077097e+00  ,1.982418810145e+00  
  1.202378989147e+01  ,1.178176291171e+00  ,1.982490955608e+00  
  1.202379162296e+01  ,1.178264137823e+00  ,1.982635246532e+00  
  1.202379508594e+01  ,1.178441044874e+00  ,1.982923828380e+00  
  1.202380201190e+01  ,1.178802590235e+00  ,1.983500992076e+00  
  1.202381586383e+01  ,1.179543822655e+00  ,1.984655319469e+00  
  1.202384356769e+01  ,1.180996670388e+00  ,1.986963974254e+00  
  1.202389897541e+01  ,1.183900236036e+00  ,1.991581283824e+00  
  1.202399530590e+01  ,1.188949084491e+00  ,1.999608825000e+00  
  1.202411702080e+01  ,1.195332142059e+00  ,2.009751733333e+00  
  1.202445224310e+01  ,1.212917024619e+00  ,2.037686925000e+00  
  1.202449753580e+01  ,1.215294460650e+00  ,2.041461316667e+00  
  1.202452493920e+01  ,1.216731821769e+00  ,2.043744933333e+00  
  1.202454148160e+01  ,1.217600695556e+00  ,2.045123466667e+00  
  1.202454405430e+01  ,1.217735681217e+00  ,2.045337858333e+00  
  1.202454472560e+01  ,1.217771543306e+00  ,2.045393800000e+00  
  1.202454472920e+01  ,1.217772169155e+00  ,2.045394100000e+00  
  1.202454472930e+01  ,1.217772068456e+00  ,2.045394108333e+00  
  1.202454488070e+01  ,1.217780119041e+00  ,2.045406724650e+00  
  1.202454503376e+01  ,1.217787844012e+00  ,2.045419480044e+00  
  1.202454533989e+01  ,1.217803450651e+00  ,2.045444990832e+00  
  1.202454595215e+01  ,1.217834308860e+00  ,2.045496012408e+00  
  1.202454717667e+01  ,1.217896461720e+00  ,2.045598055560e+00  
  1.202454962570e+01  ,1.218021075125e+00  ,2.045802141863e+00  
  1.202455452377e+01  ,1.218273021514e+00  ,2.046210314471e+00  
  1.202455921600e+01  ,1.218513605418e+00  ,2.046601333333e+00  
  1.202455947890e+01  ,1.218527921825e+00  ,2.046623241667e+00  
  1.202455947920e+01  ,1.218528709025e+00  ,2.046623266667e+00  
  1.202455947930e+01  ,1.218527828809e+00  ,2.046623275000e+00  
  1.202455949210e+01  ,1.218529294012e+00  ,2.046624341551e+00  
  1.202455950508e+01  ,1.218529072823e+00  ,2.046625423499e+00  
  1.202455953105e+01  ,1.218530886690e+00  ,2.046627587396e+00  
  1.202455958298e+01  ,1.218532117200e+00  ,2.046631915190e+00  
  1.202455968685e+01  ,1.218536984758e+00  ,2.046640570778e+00  
  1.202455989458e+01  ,1.218544322765e+00  ,2.046657881953e+00  
  1.202456031005e+01  ,1.218561487156e+00  ,2.046692504305e+00  
  1.202456114099e+01  ,1.218593859579e+00  ,2.046761749007e+00  
  1.202456280286e+01  ,1.218685760745e+00  ,2.046900238413e+00  
  1.202456612661e+01  ,1.218867923133e+00  ,2.047177217223e+00  
  1.202457277410e+01  ,1.219231550233e+00  ,2.047731174845e+00  
  1.202458606908e+01  ,1.219937381218e+00  ,2.048839090087e+00  
  1.202461265905e+01  ,1.221335999900e+00  ,2.051054920572e+00  
  1.202466583898e+01  ,1.224125007750e+00  ,2.055486581542e+00  
  1.202477219884e+01  ,1.229707930470e+00  ,2.064349903482e+00  
  1.202498491857e+01  ,1.240869715111e+00  ,2.082076547363e+00  
  1.202541035802e+01  ,1.263197697815e+00  ,2.117529835123e+00  
  1.202626123693e+01  ,1.307848765980e+00  ,2.188436410644e+00  
  1.202796299474e+01  ,1.397149044904e+00  ,2.330249561685e+00  
  1.203000000001e+01  ,1.504028514028e+00  ,2.500000000000e+00  
  1.203034035157e+01  ,1.504513494321e+00  ,2.500000000000e+00  
  1.203102101564e+01  ,1.504491372616e+00  ,2.500000000000e+00  
  1.203238234376e+01  ,1.504365648027e+00  ,2.500000000000e+00  
  1.203510500001e+01  ,1.504190688021e+00  ,2.500000000000e+00  
  1.204055031251e+01  ,1.503765564994e+00  ,2.500000000000e+00  
  1.205144093751e+01  ,1.502989346161e+00  ,2.500000000000e+00  
  1.207322218751e+01  ,1.501361570903e+00  ,2.500000000000e+00  
  1.211678468751e+01  ,1.498174548498e+00  ,2.500000000000e+00  
  1.220390968751e+01  ,1.491705755237e+00  ,2.500000000000e+00  
  1.237815968751e+01  ,1.478762064595e+00  ,2.500000000000e+00  
  1.272665968751e+01  ,1.452516250429e+00  ,2.500000000000e+00  
  1.342365968751e+01  ,1.399259240949e+00  ,2.500000000000e+00  
  1.442365968751e+01  ,1.322167200386e+00  ,2.500000000000e+00  
  1.542365968751e+01  ,1.246654449380e+00  ,2.500000000000e+00  
  1.642365968751e+01  ,1.175071022008e+00  ,2.500000000000e+00  
  1.700000000001e+01  ,1.136524249916e+00  ,2.500000000000e+00  
  1.700300000001e+01  ,1.016617000452e+00  ,2.249999999100e+00  
  1.700479715580e+01  ,9.445956579875e-01  ,2.100237016667e+00  
  1.700544080440e+01  ,9.188008102938e-01  ,2.046599633333e+00  
  1.700569469650e+01  ,9.086283947108e-01  ,2.025441958333e+00  
  1.700569469660e+01  ,9.086161898449e-01  ,2.025441950000e+00  
  1.700570840751e+01  ,9.080887024757e-01  ,2.024299373958e+00  
  1.700573583061e+01  ,9.069687047740e-01  ,2.022014115983e+00  
  1.700577832328e+01  ,9.052869757870e-01  ,2.018473059668e+00  
  1.700586330864e+01  ,9.018604023731e-01  ,2.011390947038e+00  
  1.700599409220e+01  ,8.966413743910e-01  ,2.000492316667e+00  
  1.700602806180e+01  ,8.952589473920e-01  ,1.997661516667e+00  
  1.700617056220e+01  ,8.895699595450e-01  ,1.985786483333e+00  
  1.700619120320e+01  ,8.887220646138e-01  ,1.984066400000e+00  
  1.700620703900e+01  ,8.881084581953e-01  ,1.982746750000e+00  
  1.700621618830e+01  ,8.877214349923e-01  ,1.981984308333e+00  
  1.700623704530e+01  ,8.869061922887e-01  ,1.980246225000e+00  
  1.700624327950e+01  ,8.866361351102e-01  ,1.979726708333e+00  
  1.700624857130e+01  ,8.864447003580e-01  ,1.979285725000e+00  
  1.700624894280e+01  ,8.864101500367e-01  ,1.979254766667e+00  
  1.700624894330e+01  ,8.864306998439e-01  ,1.979254725000e+00  
  1.700624894340e+01  ,8.864107166883e-01  ,1.979254716667e+00  
  1.700624895161e+01  ,8.864303674200e-01  ,1.979254032703e+00  
  1.700624895993e+01  ,8.864079110208e-01  ,1.979253339178e+00  
  1.700624897657e+01  ,8.864213524503e-01  ,1.979251952129e+00  
  1.700624900986e+01  ,8.864002753980e-01  ,1.979249178029e+00  
  1.700624907644e+01  ,8.864294075756e-01  ,1.979243629830e+00  
  1.700624920960e+01  ,8.864038922475e-01  ,1.979232533432e+00  
  1.700624947591e+01  ,8.864129331778e-01  ,1.979210340636e+00  
  1.700625000854e+01  ,8.863707764540e-01  ,1.979165955044e+00  
  1.700625107379e+01  ,8.863464836613e-01  ,1.979077183860e+00  
  1.700625320430e+01  ,8.862380387727e-01  ,1.978899641491e+00  
  1.700625746532e+01  ,8.860854131635e-01  ,1.978544556754e+00  
  1.700626598735e+01  ,8.857240352663e-01  ,1.977834387280e+00  
  1.700628276030e+01  ,8.850711940904e-01  ,1.976436641667e+00  
  1.700628282350e+01  ,8.850455896463e-01  ,1.976431375000e+00  
  1.700628282360e+01  ,8.850481677800e-01  ,1.976431366667e+00  
  1.700628289550e+01  ,8.850542054861e-01  ,1.976425375407e+00  
  1.700628296465e+01  ,8.850424381671e-01  ,1.976419612631e+00  
  1.700628309399e+01  ,8.850453349878e-01  ,1.976408834124e+00  
  1.700628335267e+01  ,8.850249000243e-01  ,1.976387277111e+00  
  1.700628387004e+01  ,8.850104444427e-01  ,1.976344163085e+00  
  1.700628490478e+01  ,8.849558372167e-01  ,1.976257935032e+00  
  1.700628697425e+01  ,8.848743691342e-01  ,1.976085478926e+00  
  1.700629111320e+01  ,8.847102871514e-01  ,1.975740566715e+00  
  1.700629939109e+01  ,8.843974657939e-01  ,1.975050742293e+00  
  1.700631594688e+01  ,8.837303688051e-01  ,1.973671093448e+00  
  1.700634905845e+01  ,8.824110701098e-01  ,1.970911795760e+00  
  1.700638295127e+01  ,8.810446223360e-01  ,1.968087393904e+00  
  1.700645073692e+01  ,8.783371364116e-01  ,1.962438590193e+00  
  1.700658630821e+01  ,8.728961661691e-01  ,1.951140982771e+00  
  1.700685745078e+01  ,8.620405601687e-01  ,1.928545767927e+00  
  1.700739973594e+01  ,8.403037643875e-01  ,1.883355338240e+00  
  1.700848430625e+01  ,7.968589615193e-01  ,1.792974478865e+00  
  1.701065344688e+01  ,7.099539002520e-01  ,1.612212760115e+00  
  1.701499172813e+01  ,5.362447053194e-01  ,1.250689322615e+00  
  1.702366829063e+01  ,1.926750249113e-01  ,5.276424476150e-01  
  1.702376722359e+01  ,1.889171925432e-01  ,5.193980343554e-01  
  1.702396509956e+01  ,1.814334054070e-01  ,5.029083696417e-01  
  1.702401456856e+01  ,1.144128723245e-01  ,4.987859534632e-01  
  1.702411350655e+01  ,-1.899256469042e-01  ,4.905411211065e-01  
  1.702431138252e+01  ,-1.938854274777e-01  ,4.740514563928e-01  
  1.702461333565e+01  ,-1.899884636514e-01  ,4.488886959762e-01  
  1.702520112862e+01  ,-1.938951206685e-01  ,3.999059485803e-01  
  1.702637671455e+01  ,-1.900597470812e-01  ,3.019404537886e-01  
  1.702667061104e+01  ,-1.939194250299e-01  ,2.774490800907e-01  
  1.702725840401e+01  ,-1.901154892548e-01  ,2.284663326947e-01  
  1.702843398995e+01  ,-1.672134884720e-01  ,1.305008379031e-01  
  1.702845845885e+01  ,-1.182673922449e-01  ,1.284617622952e-01  
  1.702850209289e+01  ,-9.307648317917e-02  ,1.248255928615e-01  
  1.702858936095e+01  ,-4.587680819679e-06  ,1.175532539944e-01  
  1.702860733581e+01  ,-2.262549683163e-06  ,1.160553495347e-01  
  1.702864328551e+01  ,-1.223889759427e-06  ,1.130595406155e-01  
  1.702871518493e+01  ,-6.889522784492e-07  ,1.070679227769e-01  
  1.702885898375e+01  ,-4.773401649227e-07  ,9.508468709966e-02  
  1.702914658141e+01  ,-3.885415985616e-07  ,7.111821574549e-02  
  1.702972177672e+01  ,-3.866378198158e-07  ,2.318527303717e-02  
  1.703000000001e+01  ,-3.799629003931e-07  ,0.000000000000e+00  
  1.703008900148e+01  ,-3.845918476186e-07  ,0.000000000000e+00  
  1.703026700441e+01  ,-3.847248242206e-07  ,0.000000000000e+00  
  1.703049173585e+01  ,-3.847994594353e-07  ,0.000000000000e+00  
  1.703094119874e+01  ,-3.848836336862e-07  ,0.000000000000e+00  
  1.703184012452e+01  ,-3.850191530597e-07  ,0.000000000000e+00  
  1.703363797609e+01  ,-3.852837178742e-07  ,0.000000000000e+00  
  1.703723367921e+01  ,-3.857524850659e-07  ,0.000000000000e+00  
  1.704442508546e+01  ,-3.869879645624e-07  ,0.000000000000e+00  
  1.705880789796e+01  ,-3.891384005583e-07  ,0.000000000000e+00  
  1.708757352296e+01  ,-3.931778242705e-07  ,0.000000000000e+00  
  1.714510477296e+01  ,-4.003465661484e-07  ,0.000000000000e+00  
  1.726016727296e+01  ,-4.119344332310e-07  ,0.000000000000e+00  
  1.749029227296e+01  ,-4.281521404637e-07  ,0.000000000000e+00  
  1.795054227296e+01  ,-4.466626420951e-07  ,0.000000000000e+00  
  1.800000000001e+01  ,-4.480034431209e-07  ,0.000000000000e+00  
  1.800300000001e+01  ,-2.032005415676e-01  ,2.500000009000e-01  
  1.800900000001e+01  ,4.082235892711e-01  ,7.500000009000e-01  
  1.802100000001e+01  ,1.055479335715e+00  ,1.750000000900e+00  
  1.802279789940e+01  ,1.146798732225e+00  ,1.899824950000e+00  
  1.802351810946e+01  ,1.187983458512e+00  ,1.959842455000e+00  
  1.802366154080e+01  ,1.195672207512e+00  ,1.971795066667e+00  
  1.802375081910e+01  ,1.200442144414e+00  ,1.979234925000e+00  
  1.802378820410e+01  ,1.202438911656e+00  ,1.982350341667e+00  
  1.802378820420e+01  ,1.202418366214e+00  ,1.982350350000e+00  
  1.802378821195e+01  ,1.202433326282e+00  ,1.982350995469e+00  
  1.802378822744e+01  ,1.202434293577e+00  ,1.982352286406e+00  
  1.802378825438e+01  ,1.202435600106e+00  ,1.982354532011e+00  
  1.802378830828e+01  ,1.202438562759e+00  ,1.982359023221e+00  
  1.802378841607e+01  ,1.202444159077e+00  ,1.982368005641e+00  
  1.802378863165e+01  ,1.202455627499e+00  ,1.982385970481e+00  
  1.802378906280e+01  ,1.202478099265e+00  ,1.982421900161e+00  
  1.802378992511e+01  ,1.202523023938e+00  ,1.982493759520e+00  
  1.802379164974e+01  ,1.202612275025e+00  ,1.982637478240e+00  
  1.802379509899e+01  ,1.202791988500e+00  ,1.982924915679e+00  
  1.802380199749e+01  ,1.203159272089e+00  ,1.983499790557e+00  
  1.802381579448e+01  ,1.203912361991e+00  ,1.984649540313e+00  
  1.802384338848e+01  ,1.205388608156e+00  ,1.986949039824e+00  
  1.802389857647e+01  ,1.208338722819e+00  ,1.991548038848e+00  
  1.802399489050e+01  ,1.213487986126e+00  ,1.999574208333e+00  
  1.802411617330e+01  ,1.219975971151e+00  ,2.009681108333e+00  
  1.802444944920e+01  ,1.237809366896e+00  ,2.037454100000e+00  
  1.802452075320e+01  ,1.241626719595e+00  ,2.043396100000e+00  
  1.802453606010e+01  ,1.242445555632e+00  ,2.044671675000e+00  
  1.802453874800e+01  ,1.242590298876e+00  ,2.044895666667e+00  
  1.802454355690e+01  ,1.242848318652e+00  ,2.045296408333e+00  
  1.802454510950e+01  ,1.242931916961e+00  ,2.045425791667e+00  
  1.802454515380e+01  ,1.242934643175e+00  ,2.045429483333e+00  
  1.802454515390e+01  ,1.242937193019e+00  ,2.045429491667e+00  
  1.802454527716e+01  ,1.242939660908e+00  ,2.045439763534e+00  
  1.802454539204e+01  ,1.242949603824e+00  ,2.045449337033e+00  
  1.802454562181e+01  ,1.242956856498e+00  ,2.045468484032e+00  
  1.802454608134e+01  ,1.242983769858e+00  ,2.045506778029e+00  
  1.802454700039e+01  ,1.243025482516e+00  ,2.045583366024e+00  
  1.802454883850e+01  ,1.243122096988e+00  ,2.045736542014e+00  
  1.802455251473e+01  ,1.243305927259e+00  ,2.046042893993e+00  
  1.802455952870e+01  ,1.243694864679e+00  ,2.046627391667e+00  
  1.802455959220e+01  ,1.243694173405e+00  ,2.046632683333e+00  
  1.802455959230e+01  ,1.243698173319e+00  ,2.046632691667e+00  
  1.802456051841e+01  ,1.243745105923e+00  ,2.046709867761e+00  
  1.802456140161e+01  ,1.243796752417e+00  ,2.046783467576e+00  
  1.802456316801e+01  ,1.243888590485e+00  ,2.046930667207e+00  
  1.802456670080e+01  ,1.244083543192e+00  ,2.047225066468e+00  
  1.802457376638e+01  ,1.244460160378e+00  ,2.047813864991e+00  
  1.802458789754e+01  ,1.245222016820e+00  ,2.048991462037e+00  
  1.802461615987e+01  ,1.246731231688e+00  ,2.051346656129e+00  
  1.802467268453e+01  ,1.249760739971e+00  ,2.056057044313e+00  
  1.802478573385e+01  ,1.255808388465e+00  ,2.065477820680e+00  
  1.802501183248e+01  ,1.267915466451e+00  ,2.084319373414e+00  
  1.802546402975e+01  ,1.292118388461e+00  ,2.122002478883e+00  
  1.802636842428e+01  ,1.340534728020e+00  ,2.197368689820e+00  
  1.802817721334e+01  ,1.437349321088e+00  ,2.348101111695e+00  
  1.803000000001e+01  ,1.534912375384e+00  ,2.500000000000e+00  
  1.803036175782e+01  ,1.535408954718e+00  ,2.500000000000e+00  
  1.803108529298e+01  ,1.535370921833e+00  ,2.500000000000e+00  
  1.803253236329e+01  ,1.535267918603e+00  ,2.500000000000e+00  
  1.803542650392e+01  ,1.535059738322e+00  ,2.500000000000e+00  
  1.804121478517e+01  ,1.534644822706e+00  ,2.500000000000e+00  
  1.805279134767e+01  ,1.533813222428e+00  ,2.500000000000e+00  
  1.807594447267e+01  ,1.532149515580e+00  ,2.500000000000e+00  
  1.812225072267e+01  ,1.528813841287e+00  ,2.500000000000e+00  
  1.821486322267e+01  ,1.522116254666e+00  ,2.500000000000e+00  
  1.840008822267e+01  ,1.508613900980e+00  ,2.500000000000e+00  
  1.877053822267e+01  ,1.481219400652e+00  ,2.500000000000e+00  
  1.951143822267e+01  ,1.425177484285e+00  ,2.500000000000e+00  
  2.051143822267e+01  ,1.348172328318e+00  ,2.500000000000e+00  
  2.151143822267e+01  ,1.271825842210e+00  ,2.500000000000e+00  
  2.251143822267e+01  ,1.198678499553e+00  ,2.500000000000e+00  
  2.300000000001e+01  ,1.164829030517e+00  ,2.500000000000e+00  
  2.300300000001e+01  ,1.042046462127e+00  ,2.249999999100e+00  
  2.300479715590e+01  ,9.682898706524e-01  ,2.100237008333e+00  
  2.300544080460e+01  ,9.418734490173e-01  ,2.046599616667e+00  
  2.300569469660e+01  ,9.314560173661e-01  ,2.025441950000e+00  
  2.300569469670e+01  ,9.314479039167e-01  ,2.025441941667e+00  
  2.300569472348e+01  ,9.314601684455e-01  ,2.025439710073e+00  
  2.300569477704e+01  ,9.314446507487e-01  ,2.025435246679e+00  
  2.300569486031e+01  ,9.314545794623e-01  ,2.025428307705e+00  
  2.300569502684e+01  ,9.314344222075e-01  ,2.025414429756e+00  
  2.300569535991e+01  ,9.314336953685e-01  ,2.025386673860e+00  
  2.300569602606e+01  ,9.313924275921e-01  ,2.025331162067e+00  
  2.300569735834e+01  ,9.313514169189e-01  ,2.025220138482e+00  
  2.300570002290e+01  ,9.312307239161e-01  ,2.024998091313e+00  
  2.300570535204e+01  ,9.310281090438e-01  ,2.024553996973e+00  
  2.300571601030e+01  ,9.305796441622e-01  ,2.023665808293e+00  
  2.300573732683e+01  ,9.297189001227e-01  ,2.021889430932e+00  
  2.300577995989e+01  ,9.279469236499e-01  ,2.018336676212e+00  
  2.300586522600e+01  ,9.244659271790e-01  ,2.011231166772e+00  
  2.300599744890e+01  ,9.190232528490e-01  ,2.000212591667e+00  
  2.300603195710e+01  ,9.176225956180e-01  ,1.997336908333e+00  
  2.300617452730e+01  ,9.117578208097e-01  ,1.985456058333e+00  
  2.300619545220e+01  ,9.109130649013e-01  ,1.983712316667e+00  
  2.300621142420e+01  ,9.102445013705e-01  ,1.982381316667e+00  
  2.300622054370e+01  ,9.098837784841e-01  ,1.981621358333e+00  
  2.300624746150e+01  ,9.087659321958e-01  ,1.979378208333e+00  
  2.300624790460e+01  ,9.087610209826e-01  ,1.979341283333e+00  
  2.300624790900e+01  ,9.087474748376e-01  ,1.979340916666e+00  
  2.300624790910e+01  ,9.087593474542e-01  ,1.979340908333e+00  
  2.300624792851e+01  ,9.087476464920e-01  ,1.979339290812e+00  
  2.300624794795e+01  ,9.087578369654e-01  ,1.979337670808e+00  
  2.300624798683e+01  ,9.087452561362e-01  ,1.979334430799e+00  
  2.300624806459e+01  ,9.087530538091e-01  ,1.979327950780e+00  
  2.300624822011e+01  ,9.087356776581e-01  ,1.979314990744e+00  
  2.300624853115e+01  ,9.087343535502e-01  ,1.979289070671e+00  
  2.300624915323e+01  ,9.086986671900e-01  ,1.979237230524e+00  
  2.300625039740e+01  ,9.086583504104e-01  ,1.979133550231e+00  
  2.300625288572e+01  ,9.085429687984e-01  ,1.978926189646e+00  
  2.300625786238e+01  ,9.083463033312e-01  ,1.978511468475e+00  
  2.300626781569e+01  ,9.079239497078e-01  ,1.977682026133e+00  
  2.300628143710e+01  ,9.073825299274e-01  ,1.976546908333e+00  
  2.300628268120e+01  ,9.073251687223e-01  ,1.976443233333e+00  
  2.300628268640e+01  ,9.073416535975e-01  ,1.976442800000e+00  
  2.300630786035e+01  ,9.062501722365e-01  ,1.974344970817e+00  
  2.300633121850e+01  ,9.053428915795e-01  ,1.972398457959e+00  
  2.300637793481e+01  ,9.034134551766e-01  ,1.968505432243e+00  
  2.300644396265e+01  ,9.007116630673e-01  ,1.963003112907e+00  
  2.300657601831e+01  ,8.952866719337e-01  ,1.951998474235e+00  
  2.300684012964e+01  ,8.844547444605e-01  ,1.929989196891e+00  
  2.300736835229e+01  ,8.627747813589e-01  ,1.885970642204e+00  
  2.300842479761e+01  ,8.194336253800e-01  ,1.797933532829e+00  
  2.301053768823e+01  ,7.327458975487e-01  ,1.621859314079e+00  
  2.301476346948e+01  ,5.594530085800e-01  ,1.269710876579e+00  
  2.302321503198e+01  ,2.157180786016e-01  ,5.654140015787e-01  
  2.302332104711e+01  ,2.115358105075e-01  ,5.565794077885e-01  
  2.302353308324e+01  ,2.032196842047e-01  ,5.389097300542e-01  
  2.302395715550e+01  ,1.867024330131e-01  ,5.035703745856e-01  
  2.302406317357e+01  ,7.510465528321e-02  ,4.947355357183e-01  
  2.302427520970e+01  ,-1.926205348573e-01  ,4.770658579840e-01  
  2.302469928197e+01  ,-1.931919495546e-01  ,4.417265025154e-01  
  2.302532750463e+01  ,-1.926561834553e-01  ,3.893746144946e-01  
  2.302618121556e+01  ,-1.932330994896e-01  ,3.182320363697e-01  
  2.302788863744e+01  ,-1.927311961917e-01  ,1.759468801197e-01  
  2.302815255776e+01  ,-1.932875975472e-01  ,1.539535199798e-01  
  2.302833730198e+01  ,-1.930200203642e-01  ,1.385581679818e-01  
  2.302870678441e+01  ,-1.925494450988e-01  ,1.077679661590e-01  
  2.302879915501e+01  ,-1.925511887239e-01  ,1.000704157033e-01  
  2.302898389622e+01  ,-1.926848817529e-01  ,8.467531479183e-02  
  2.302903008153e+01  ,-1.335233415593e-01  ,8.082653956383e-02  
  2.302912245213e+01  ,-1.170474968385e-01  ,7.312898910812e-02  
  2.302930719334e+01  ,-1.235525888821e-06  ,5.773388819670e-02  
  2.302967667576e+01  ,-4.078167365473e-07  ,2.694368637387e-02  
  2.303000000001e+01  ,-4.019934732591e-07  ,0.000000000000e+00  
  2.303007389650e+01  ,-3.908976002054e-07  ,0.000000000000e+00  
  2.303016616945e+01  ,-3.904390532827e-07  ,0.000000000000e+00  
  2.303035071534e+01  ,-3.898624071352e-07  ,0.000000000000e+00  
  2.303071980714e+01  ,-3.896121570091e-07  ,0.000000000000e+00  
  2.303145799073e+01  ,-3.897557685761e-07  ,0.000000000000e+00  
  2.303293435792e+01  ,-3.898630232535e-07  ,0.000000000000e+00  
  2.303588709230e+01  ,-3.903876178712e-07  ,0.000000000000e+00  
  2.304179256105e+01  ,-3.912205430445e-07  ,0.000000000000e+00  
  2.305360349855e+01  ,-3.928401454134e-07  ,0.000000000000e+00  
  2.307722537355e+01  ,-3.959236863638e-07  ,0.000000000000e+00  
  2.312446912355e+01  ,-4.015393980372e-07  ,0.000000000000e+00  
  2.321895662355e+01  ,-4.109850411105e-07  ,0.000000000000e+00  
  2.340793162355e+01  ,-4.250149356344e-07  ,0.000000000000e+00  
  2.378588162355e+01  ,-4.423491863637e-07  ,0.000000000000e+00  
  2.400000000001e+01  ,-4.486094827838e-07  ,6.000533403494e-10  
  2.400300000001e+01  ,-4.647477876429e-07  ,1.500000005400e-01  
  2.400900000001e+01  ,-2.033707820956e-01  ,4.500000005400e-01  
  2.402100000001e+01  ,6.058046816033e-01  ,1.050000000540e+00  
  2.403000000001e+01  ,8.985684594372e-01  ,1.500000000000e+00  
  2.403209687501e+01  ,8.974171311129e-01  ,1.500000000000e+00  
  2.403629062501e+01  ,8.973341004457e-01  ,1.500000000000e+00  
  2.404467812501e+01  ,8.965533619630e-01  ,1.500000000000e+00  
  2.405818906251e+01  ,8.957260801108e-01  ,1.500000000000e+00  
  2.408521093751e+01  ,8.936210940592e-01  ,1.500000000000e+00  
  2.413925468751e+01  ,8.898135626223e-01  ,1.500000000000e+00  
  2.424734218751e+01  ,8.817290454172e-01  ,1.500000000000e+00  
  2.446351718751e+01  ,8.657207401120e-01  ,1.500000000000e+00  
  2.489586718751e+01  ,8.325376141001e-01  ,1.500000000000e+00  
  2.576056718751e+01  ,7.652140487917e-01  ,1.500000000000e+00  
  2.676056718751e+01  ,6.899030223140e-01  ,1.500000000000e+00  
  2.776056718751e+01  ,6.241138064070e-01  ,1.500000000000e+00  
  2.876056718751e+01  ,5.709789255052e-01  ,1.500000000000e+00  
  2.900000000001e+01  ,5.605073977495e-01  ,1.500000000000e+00  
  2.900300000001e+01  ,4.984112207603e-01  ,1.349999999460e+00  
  2.900900000001e+01  ,3.741778348922e-01  ,1.049999999460e+00  
  2.901050000001e+01  ,3.432307959883e-01  ,9.749999994600e-01  
  2.901350000001e+01  ,2.816275706282e-01  ,8.249999994600e-01  
  2.901950000001e+01  ,1.618670976168e-01  ,5.249999994600e-01  
  2.901966406251e+01  ,1.587214442698e-01  ,5.167968744590e-01  
  2.901970507814e+01  ,1.579383877979e-01  ,5.147460932090e-01  
  2.901978710939e+01  ,1.563720338454e-01  ,5.106445307090e-01  
  2.901995117189e+01  ,1.532245130511e-01  ,5.024414057089e-01  
  2.901999218751e+01  ,1.016199846708e-01  ,5.003906244589e-01  
  2.902007421876e+01  ,-1.829300572135e-01  ,4.962890619589e-01  
  2.902023828126e+01  ,-1.883660264575e-01  ,4.880859369589e-01  
  2.902049355470e+01  ,-1.830370957905e-01  ,4.753222650839e-01  
  2.902100410157e+01  ,-1.883956087986e-01  ,4.497949213340e-01  
  2.902202519532e+01  ,-1.831627191277e-01  ,3.987402338339e-01  
  2.902406738282e+01  ,-1.885650487529e-01  ,2.966308588339e-01  
  2.902457792970e+01  ,-1.833248370967e-01  ,2.711035150840e-01  
  2.902559902345e+01  ,-1.886307570676e-01  ,2.200488275839e-01  
  2.902585429689e+01  ,-1.834381917724e-01  ,2.072851557090e-01  
  2.902636484376e+01  ,-1.886214953702e-01  ,1.817578119590e-01  
  2.902738593751e+01  ,-1.830894804443e-01  ,1.307031244590e-01  
  2.902741784669e+01  ,-1.407012714044e-01  ,1.291076654747e-01  
  2.902748166505e+01  ,-1.135301234972e-01  ,1.259167475059e-01  
  2.902760930177e+01  ,-8.825832193970e-06  ,1.195349115683e-01  
  2.902764121095e+01  ,-1.739153406732e-06  ,1.179394525840e-01  
  2.902770502931e+01  ,-8.713261983040e-07  ,1.147485346152e-01  
  2.902783266603e+01  ,-4.459851143390e-07  ,1.083666986776e-01  
  2.902808793946e+01  ,-3.951456677143e-07  ,9.560302680267e-02  
  2.902859848634e+01  ,-3.270244628151e-07  ,7.007568305273e-02  
  2.902961958009e+01  ,-3.783197970453e-07  ,1.902099555266e-02  
  2.903000000001e+01  ,-3.310530617695e-07  ,0.000000000000e+00  
  2.903009205323e+01  ,-3.543104176162e-07  ,0.000000000000e+00  
  2.903027615968e+01  ,-3.543824477759e-07  ,0.000000000000e+00  
  2.903062972413e+01  ,-3.544882573869e-07  ,0.000000000000e+00  
  2.903133685304e+01  ,-3.546814128230e-07  ,0.000000000000e+00  
  2.903275111085e+01  ,-3.550637419913e-07  ,0.000000000000e+00  
  2.903557962648e+01  ,-3.558197370912e-07  ,0.000000000000e+00  
  2.904123665773e+01  ,-3.573224066911e-07  ,0.000000000000e+00  
  2.905255072023e+01  ,-3.602071411424e-07  ,0.000000000000e+00  
  2.907517884523e+01  ,-3.655774078459e-07  ,0.000000000000e+00  
  2.912043509523e+01  ,-3.750071705388e-07  ,0.000000000000e+00  
  2.921094759523e+01  ,-3.899882843883e-07  ,0.000000000000e+00  
  2.939197259523e+01  ,-4.105835540169e-07  ,0.000000000000e+00  
  2.975402259523e+01  ,-4.340617592857e-07  ,0.000000000000e+00  
  3.000000000001e+01  ,-4.435151099713e-07  ,0.000000000000e+00  
  3.000300000001e+01  ,-4.594565654048e-07  ,1.500000005400e-01  
  3.000900000001e+01  ,-2.025752027985e-01  ,4.500000005400e-01  
  3.002100000001e+01  ,5.912560230354e-01  ,1.050000000540e+00  
  3.003000000001e+01  ,8.773510394967e-01  ,1.500000000000e+00  
  3.003209687501e+01  ,8.762230421416e-01  ,1.500000000000e+00  
  3.003629062501e+01  ,8.761296024313e-01  ,1.500000000000e+00  
  3.004467812501e+01  ,8.753327441518e-01  ,1.500000000000e+00  
  3.005818906251e+01  ,8.744765423471e-01  ,1.500000000000e+00  
  3.008521093751e+01  ,8.723174408078e-01  ,1.500000000000e+00  
  3.013925468751e+01  ,8.684013757738e-01  ,1.500000000000e+00  
  3.024734218751e+01  ,8.601134049240e-01  ,1.500000000000e+00  
  3.046351718751e+01  ,8.437443356961e-01  ,1.500000000000e+00  
  3.089586718751e+01  ,8.100767081487e-01  ,1.500000000000e+00  
  3.176056718751e+01  ,7.429024149897e-01  ,1.500000000000e+00  
  3.276056718751e+01  ,6.696928565507e-01  ,1.500000000000e+00  
  3.376056718751e+01  ,6.074164652964e-01  ,1.500000000000e+00  
  3.476056718751e+01  ,5.581683929195e-01  ,1.500000000000e+00  
  3.500000000001e+01  ,5.485825215583e-01  ,1.500000000000e+00  
  3.500300000001e+01  ,4.877307913848e-01  ,1.349999999460e+00  
  3.500900000001e+01  ,3.660064052092e-01  ,1.049999999460e+00  
  3.501050000001e+01  ,3.356934375770e-01  ,9.749999994600e-01  
  3.501350000001e+01  ,2.753717260202e-01  ,8.249999994600e-01  
  3.501950000001e+01  ,1.582574750792e-01  ,5.249999994600e-01  
  3.501966406251e+01  ,1.551849589596e-01  ,5.167968744594e-01  
  3.501970507814e+01  ,1.544201648358e-01  ,5.147460932090e-01  
  3.501978710939e+01  ,1.528903349972e-01  ,5.106445307088e-01  
  3.501995117189e+01  ,1.498160510528e-01  ,5.024414057089e-01  
  3.501999218751e+01  ,9.893287758314e-02  ,5.003906244589e-01  
  3.502007421876e+01  ,-1.820561963395e-01  ,4.962890619588e-01  
  3.502023828126e+01  ,-1.874922619900e-01  ,4.880859369589e-01  
  3.502049370118e+01  ,-1.821655713866e-01  ,4.753149408650e-01  
  3.502100454103e+01  ,-1.875250222074e-01  ,4.497729486775e-01  
  3.502202622071e+01  ,-1.823015229311e-01  ,3.986889643027e-01  
  3.502406958009e+01  ,-1.877093050862e-01  ,2.965209955526e-01  
  3.502458041993e+01  ,-1.824769812374e-01  ,2.709790033652e-01  
  3.502560209962e+01  ,-1.877821982780e-01  ,2.198950189903e-01  
  3.502585751954e+01  ,-1.825970510108e-01  ,2.071240228965e-01  
  3.502636835939e+01  ,-1.877762869699e-01  ,1.815820307090e-01  
  3.502739003907e+01  ,-1.822513558145e-01  ,1.304980463342e-01  
  3.502742196656e+01  ,-1.404565819976e-01  ,1.289016718225e-01  
  3.502748582154e+01  ,-1.133324107723e-01  ,1.257089227991e-01  
  3.502761353150e+01  ,-8.107366777921e-06  ,1.193234247523e-01  
  3.502764545900e+01  ,-1.699199306149e-06  ,1.177270502406e-01  
  3.502770931398e+01  ,-8.561951340136e-07  ,1.145343012173e-01  
  3.502783702394e+01  ,-4.399197107985e-07  ,1.081488031705e-01  
  3.502809244386e+01  ,-3.902581623139e-07  ,9.537780707660e-02  
  3.502860328370e+01  ,-3.231856370300e-07  ,6.983581488917e-02  
  3.502962496339e+01  ,-3.738671282283e-07  ,1.875183051432e-02  
  3.503000000001e+01  ,-3.272080158490e-07  ,0.000000000000e+00  
  3.503009122316e+01  ,-3.501758743252e-07  ,0.000000000000e+00  
  3.503027366945e+01  ,-3.502467422756e-07  ,0.000000000000e+00  
  3.503062445070e+01  ,-3.503565868257e-07  ,0.000000000000e+00  
  3.503132601320e+01  ,-3.505614379617e-07  ,0.000000000000e+00  
  3.503272913820e+01  ,-3.509670368218e-07  ,0.000000000000e+00  
  3.503553538820e+01  ,-3.517698306532e-07  ,0.000000000000e+00  
  3.504114788820e+01  ,-3.533579270298e-07  ,0.000000000000e+00  
  3.505237288820e+01  ,-3.564072595663e-07  ,0.000000000000e+00  
  3.507482288820e+01  ,-3.620792958237e-07  ,0.000000000000e+00  
  3.511972288820e+01  ,-3.719783953637e-07  ,0.000000000000e+00  
  3.520952288820e+01  ,-3.876186031315e-07  ,0.000000000000e+00  
  3.538912288820e+01  ,-4.089499455462e-07  ,0.000000000000e+00  
  3.574832288820e+01  ,-4.330785267348e-07  ,0.000000000000e+00  
  3.600000000001e+01  ,-4.430062142124e-07  ,1.000088900582e-09  
  3.600300000001e+01  ,-2.009685960656e-01  ,2.500000009000e-01  
  3.600900000001e+01  ,3.987993661140e-01  ,7.500000009000e-01  
  3.602100000001e+01  ,1.032177055487e+00  ,1.750000000900e+00  
  3.602279789940e+01  ,1.121607238427e+00  ,1.899824950000e+00  
  3.602351810946e+01  ,1.161888952367e+00  ,1.959842455000e+00  
  3.602366153390e+01  ,1.169412548887e+00  ,1.971794491667e+00  
  3.602375084340e+01  ,1.174082190846e+00  ,1.979236950000e+00  
  3.602378816360e+01  ,1.176032932592e+00  ,1.982346966667e+00  
  3.602378816370e+01  ,1.176012852113e+00  ,1.982346975000e+00  
  3.602378817152e+01  ,1.176027479232e+00  ,1.982347626802e+00  
  3.602378818716e+01  ,1.176028433023e+00  ,1.982348930405e+00  
  3.602378821437e+01  ,1.176029726281e+00  ,1.982351197617e+00  
  3.602378826878e+01  ,1.176032651449e+00  ,1.982355732040e+00  
  3.602378837761e+01  ,1.176038181176e+00  ,1.982364800886e+00  
  3.602378859526e+01  ,1.176049502916e+00  ,1.982382938580e+00  
  3.602378903057e+01  ,1.176071681315e+00  ,1.982419213967e+00  
  3.602378990118e+01  ,1.176115991431e+00  ,1.982491764740e+00  
  3.602379164240e+01  ,1.176204016083e+00  ,1.982636866288e+00  
  3.602379512483e+01  ,1.176383609418e+00  ,1.982927069382e+00  
  3.602380208971e+01  ,1.176747102174e+00  ,1.983507475571e+00  
  3.602381601946e+01  ,1.177488472662e+00  ,1.984668287949e+00  
  3.602384387895e+01  ,1.178947920213e+00  ,1.986989912705e+00  
  3.602389959795e+01  ,1.181861811900e+00  ,1.991633162217e+00  
  3.602399595270e+01  ,1.186904347036e+00  ,1.999662725000e+00  
  3.602411828460e+01  ,1.193307858543e+00  ,2.009857050000e+00  
  3.602445630060e+01  ,1.211010151659e+00  ,2.038025050000e+00  
  3.602448331200e+01  ,1.212425045087e+00  ,2.040276000000e+00  
  3.602451988220e+01  ,1.214340953738e+00  ,2.043323516667e+00  
  3.602454103150e+01  ,1.215448831907e+00  ,2.045085958333e+00  
  3.602454301370e+01  ,1.215552994167e+00  ,2.045251141667e+00  
  3.602454337960e+01  ,1.215572692803e+00  ,2.045281633334e+00  
  3.602454338050e+01  ,1.215573267546e+00  ,2.045281708333e+00  
  3.602454338060e+01  ,1.215572911664e+00  ,2.045281716667e+00  
  3.602454343647e+01  ,1.215576123795e+00  ,2.045286372286e+00  
  3.602454349255e+01  ,1.215578553616e+00  ,2.045291045787e+00  
  3.602454360471e+01  ,1.215584030142e+00  ,2.045300392789e+00  
  3.602454382904e+01  ,1.215594084235e+00  ,2.045319086792e+00  
  3.602454427770e+01  ,1.215614959598e+00  ,2.045356474799e+00  
  3.602454517501e+01  ,1.215655798209e+00  ,2.045431250812e+00  
  3.602454696963e+01  ,1.215739258099e+00  ,2.045580802840e+00  
  3.602455055888e+01  ,1.215932024759e+00  ,2.045879906895e+00  
  3.602455773738e+01  ,1.216317765764e+00  ,2.046478115004e+00  
  3.602455906150e+01  ,1.216387441382e+00  ,2.046588458333e+00  
  3.602455907520e+01  ,1.216388456640e+00  ,2.046589600000e+00  
  3.602455907530e+01  ,1.216388122179e+00  ,2.046589608334e+00  
  3.602455957464e+01  ,1.216418421594e+00  ,2.046631220323e+00  
  3.602456007408e+01  ,1.216444238438e+00  ,2.046672840259e+00  
  3.602456107296e+01  ,1.216497100424e+00  ,2.046756080132e+00  
  3.602456307072e+01  ,1.216601644293e+00  ,2.046922559879e+00  
  3.602456706623e+01  ,1.216811795137e+00  ,2.047255519372e+00  
  3.602457505726e+01  ,1.217230497510e+00  ,2.047921438358e+00  
  3.602459103932e+01  ,1.218068417278e+00  ,2.049253276330e+00  
  3.602462300343e+01  ,1.219742542133e+00  ,2.051916952274e+00  
  3.602468693165e+01  ,1.223091949942e+00  ,2.057244304162e+00  
  3.602481478810e+01  ,1.229789722827e+00  ,2.067899007938e+00  
  3.602507050099e+01  ,1.243186730309e+00  ,2.089208415490e+00  
  3.602558192677e+01  ,1.269979717094e+00  ,2.131827230594e+00  
  3.602660477833e+01  ,1.323565295199e+00  ,2.217064860803e+00  
  3.602865048145e+01  ,1.430726510589e+00  ,2.387540121219e+00  
  3.603000000001e+01  ,1.501413911465e+00  ,2.500000000000e+00  
  3.603040914064e+01  ,1.501894678106e+00  ,2.500000000000e+00  
  3.603122740236e+01  ,1.501858845935e+00  ,2.500000000000e+00  
  3.603286392579e+01  ,1.501718464773e+00  ,2.500000000000e+00  
  3.603613697267e+01  ,1.501503250562e+00  ,2.500000000000e+00  
  3.604263619142e+01  ,1.501011249493e+00  ,2.500000000000e+00  
  3.604654589590e+01  ,1.500749417115e+00  ,2.500000000000e+00  
  3.604941645450e+01  ,1.500520461821e+00  ,2.500000000000e+00  
  3.605140171730e+01  ,1.500397354714e+00  ,2.500000000000e+00  
  3.605151603620e+01  ,1.500379577279e+00  ,2.500000000000e+00  
  3.605158414590e+01  ,1.500373980612e+00  ,2.500000000000e+00  
  3.605161246120e+01  ,1.500371871400e+00  ,2.500000000000e+00  
  3.605161246130e+01  ,1.500372084207e+00  ,2.500000000000e+00  
  3.605161246850e+01  ,1.500371784321e+00  ,2.500000000000e+00  
  3.605161246921e+01  ,1.500372785609e+00  ,2.500000000000e+00  
  3.605161247064e+01  ,1.500392261194e+00  ,2.500000000000e+00  
  3.605161247350e+01  ,1.501879113726e+00  ,2.500000000000e+00  
  3.605161247921e+01  ,1.508413315518e+00  ,2.500000000000e+00  
  3.605161249064e+01  ,1.521511258674e+00  ,2.500000000000e+00  
  3.605161251350e+01  ,1.545807395712e+00  ,2.500000000000e+00  
  3.605161255765e+01  ,1.587378424476e+00  ,2.500000000000e+00  
  3.605161259880e+01  ,1.620048466488e+00  ,2.500000000000e+00  
  3.605161260590e+01  ,1.625209359918e+00  ,2.500000000000e+00  
  3.605161260660e+01  ,1.625679211924e+00  ,2.500000000000e+00  
  3.605161260670e+01  ,1.625749717350e+00  ,2.500000000000e+00  
  3.605161261300e+01  ,1.502735418966e+00  ,2.500000000000e+00  
  3.605161261371e+01  ,1.469589834800e+00  ,2.500000000000e+00  
  3.605161261514e+01  ,1.380843511433e+00  ,2.500000000000e+00  
  3.605161261800e+01  ,1.130244848551e+00  ,2.500000000000e+00  
  3.605161262371e+01  ,4.210190526210e-01  ,2.500000000000e+00  
  3.605161263514e+01  ,-1.633384491470e-03  ,2.500000000000e+00  
  3.605161265717e+01  ,8.401216886682e-04  ,2.500000000000e+00  
  3.605161268957e+01  ,-6.044476701845e-04  ,2.500000000000e+00  
  3.605161274132e+01  ,4.063355554251e-04  ,2.500000000000e+00  
  3.605161284480e+01  ,-2.529816783152e-04  ,2.500000000000e+00  
  3.605161305177e+01  ,1.862400575021e-04  ,2.500000000000e+00  
  3.605161337580e+01  ,-1.572044764231e-04  ,2.500000000000e+00  
  3.605161378750e+01  ,1.508250856688e-04  ,2.500000000000e+00  
  3.605161475440e+01  ,-1.488945115966e-04  ,2.500000000000e+00  
  3.605161689673e+01  ,1.519694766472e-04  ,2.500000000000e+00  
  3.605161889335e+01  ,-1.492375314598e-04  ,2.500000000000e+00  
  3.605162288657e+01  ,1.519220256228e-04  ,2.500000000000e+00  
  3.605163087302e+01  ,-1.492685697002e-04  ,2.500000000000e+00  
  3.605164684592e+01  ,1.519003119057e-04  ,2.500000000000e+00  
  3.605167879172e+01  ,-1.492697961964e-04  ,2.500000000000e+00  
  3.605174268332e+01  ,1.518944214638e-04  ,2.500000000000e+00  
  3.605184116970e+01  ,-1.492698347221e-04  ,2.500000000000e+00  
  3.605198445650e+01  ,1.518921800852e-04  ,2.500000000000e+00  
  3.605243428510e+01  ,-1.492698790031e-04  ,2.500000000000e+00  
  3.605253516900e+01  ,1.518905743012e-04  ,2.500000000000e+00  
  3.605257587200e+01  ,-1.492695498087e-04  ,2.500000000000e+00  
  3.605260801870e+01  ,1.518833576597e-04  ,2.500000000000e+00  
  3.605276513330e+01  ,-1.492689136171e-04  ,2.500000000000e+00  
  3.605278111580e+01  ,1.518741678979e-04  ,2.500000000000e+00  
  3.605279873320e+01  ,-1.492650855113e-04  ,2.500000000000e+00  
  3.605281004430e+01  ,1.518540089904e-04  ,2.500000000000e+00  
  3.605285562920e+01  ,-1.492593911792e-04  ,2.500000000000e+00  
  3.605285969180e+01  ,1.518144320443e-04  ,2.500000000000e+00  
  3.605286459980e+01  ,-1.492199881028e-04  ,2.500000000000e+00  
  3.605286768400e+01  ,1.517302493284e-04  ,2.500000000000e+00  
  3.605288291550e+01  ,-1.491714171209e-04  ,2.500000000000e+00  
  3.605288376940e+01  ,1.515190320447e-04  ,2.500000000000e+00  
  3.605288465170e+01  ,-1.487951392818e-04  ,2.500000000000e+00  
  3.605288471710e+01  ,1.486660261776e-04  ,2.500000000000e+00  
  3.605288471720e+01  ,8.984135909884e-05  ,2.500000000000e+00  
  3.605288471730e+01  ,5.719260135351e-05  ,2.500000000000e+00  
  3.605288471775e+01  ,7.975820669692e-06  ,2.500000000000e+00  
  3.605288471818e+01  ,7.876121263184e-06  ,2.500000000000e+00  
  3.605288471887e+01  ,3.162640679122e-06  ,2.500000000000e+00  
  3.605288471982e+01  ,2.153878363220e-06  ,2.500000000000e+00  
  3.605288472172e+01  ,1.586070865645e-06  ,2.500000000000e+00  
  3.605288472552e+01  ,1.341761122653e-06  ,2.500000000000e+00  
  3.605288472736e+01  ,1.319059116822e-06  ,2.500000000000e+00  
  3.605288472977e+01  ,1.238934151937e-06  ,2.500000000000e+00  
  3.605288473272e+01  ,1.319727619964e-06  ,2.500000000000e+00  
  3.605288473861e+01  ,1.213227102337e-06  ,2.500000000000e+00  
  3.605288475038e+01  ,1.322810643134e-06  ,2.500000000000e+00  
  3.605288477393e+01  ,1.210408674179e-06  ,2.500000000000e+00  
  3.605288482104e+01  ,1.324084712317e-06  ,2.500000000000e+00  
  3.605288491525e+01  ,1.209617085163e-06  ,2.500000000000e+00  
  3.605288510367e+01  ,1.324238543821e-06  ,2.500000000000e+00  
  3.605288548052e+01  ,1.209246191625e-06  ,2.500000000000e+00  
  3.605288623421e+01  ,1.324181689744e-06  ,2.500000000000e+00  
  3.605288774158e+01  ,1.209179817718e-06  ,2.500000000000e+00  
  3.605289071840e+01  ,1.324205213038e-06  ,2.500000000000e+00  
  3.605289073060e+01  ,1.207451174046e-06  ,2.500000000000e+00  
  3.605289073070e+01  ,1.373861958198e-06  ,2.500000000000e+00  
  3.605289073790e+01  ,1.160704797387e-06  ,2.500000000000e+00  
  3.605289073861e+01  ,1.100965762468e-05  ,2.500000000000e+00  
  3.605289074004e+01  ,2.423846255084e-05  ,2.500000000000e+00  
  3.605289074290e+01  ,3.256458332856e-05  ,2.500000000000e+00  
  3.605289074861e+01  ,3.432344065857e-05  ,2.500000000000e+00  
  3.605289075840e+01  ,3.368832831185e-05  ,2.500000000000e+00  
  3.605289075860e+01  ,3.356169525404e-05  ,2.500000000000e+00  
  3.605289075870e+01  ,3.370161723737e-05  ,2.500000000000e+00  
  3.605289077591e+01  ,3.499289751474e-05  ,2.500000000000e+00  
  3.605289079143e+01  ,3.539673338793e-05  ,2.500000000000e+00  
  3.605289082247e+01  ,3.101426973551e-05  ,2.500000000000e+00  
  3.605289083240e+01  ,2.940110155158e-05  ,2.500000000000e+00  
  3.605289083350e+01  ,2.910171892623e-05  ,2.500000000000e+00  
  3.605289083360e+01  ,2.919665890211e-05  ,2.500000000000e+00  
  3.605289083990e+01  ,2.806154215129e-05  ,2.500000000000e+00  
  3.605289084061e+01  ,1.784161238483e-05  ,2.500000000000e+00  
  3.605289084204e+01  ,1.778093447258e-06  ,2.500000000000e+00  
  3.605289084490e+01  ,-8.417573427622e-06  ,2.500000000000e+00  
  3.605289085061e+01  ,-1.170829477992e-05  ,2.500000000000e+00  
  3.605289086204e+01  ,-1.198477816811e-05  ,2.500000000000e+00  
  3.605289088490e+01  ,-1.290644500163e-05  ,2.500000000000e+00  
  3.605289093062e+01  ,-1.362577986264e-05  ,2.500000000000e+00  
  3.605289102205e+01  ,-2.482019274430e-02  ,2.500000000000e+00  
  3.605289120492e+01  ,-7.153438455134e-02  ,2.500000000000e+00  
  3.605289157065e+01  ,-2.569467772992e-02  ,2.500000000000e+00  
  3.605289173645e+01  ,1.046463584771e-02  ,2.500000000000e+00  
  3.605289196984e+01  ,5.803273598940e-02  ,2.500000000000e+00  
  3.605289225866e+01  ,1.138162172065e-01  ,2.500000000000e+00  
  3.605289283630e+01  ,2.193738554488e-01  ,2.500000000000e+00  
  3.605289399158e+01  ,4.114076918922e-01  ,2.500000000000e+00  
  3.605289630214e+01  ,7.351433844888e-01  ,2.500000000000e+00  
  3.605290092327e+01  ,1.202512981719e+00  ,2.500000000000e+00  
  3.605291016551e+01  ,1.700349082006e+00  ,2.500000000000e+00  
  3.605292865001e+01  ,1.986062787008e+00  ,2.500000000000e+00  
  3.605293327114e+01  ,1.991600341164e+00  ,2.500000000000e+00  
  3.605294251338e+01  ,1.997399463435e+00  ,2.500000000000e+00  
  3.605296099788e+01  ,2.000813683262e+00  ,2.500000000000e+00  
  3.605299796688e+01  ,2.001017671078e+00  ,2.500000000000e+00  
  3.605307190486e+01  ,2.001036357949e+00  ,2.500000000000e+00  
  3.605319337703e+01  ,2.001104550320e+00  ,2.500000000000e+00  
  3.605343632137e+01  ,2.001191180316e+00  ,2.500000000000e+00  
  3.605392221004e+01  ,2.001226595836e+00  ,2.500000000000e+00  
  3.605489398738e+01  ,2.001243302017e+00  ,2.500000000000e+00  
  3.605683754207e+01  ,2.001209392678e+00  ,2.500000000000e+00  
  3.606072465145e+01  ,2.001199491904e+00  ,2.500000000000e+00  
  3.606849887020e+01  ,2.001123138820e+00  ,2.500000000000e+00  
  3.608404730770e+01  ,2.001028081868e+00  ,2.500000000000e+00  
  3.610000000001e+01  ,2.000893726712e+00  ,2.500000000000e+00  
  3.610310968751e+01  ,2.000904096407e+00  ,2.500000000000e+00  
  3.610932921876e+01  ,2.000880324980e+00  ,2.500000000000e+00  
  3.612176828126e+01  ,2.000833247323e+00  ,2.500000000000e+00  
  3.614664640626e+01  ,2.000741457334e+00  ,2.500000000000e+00  
  3.619640265626e+01  ,2.000567093608e+00  ,2.500000000000e+00  
  3.629591515626e+01  ,2.000251977122e+00  ,2.500000000000e+00  
  3.649494015626e+01  ,1.999736055965e+00  ,2.500000000000e+00  
  3.689299015626e+01  ,1.999036872643e+00  ,2.500000000000e+00  
  3.768909015626e+01  ,1.998378852615e+00  ,2.500000000000e+00  
  3.868909015626e+01  ,1.998154867208e+00  ,2.500000000000e+00  
  3.968909015626e+01  ,1.998112367466e+00  ,2.500000000000e+00  
  4.000000000001e+01  ,1.998108953354e+00  ,2.500000000000e+00  
  4.010000000001e+01  ,1.998108132742e+00  ,2.500000000000e+00  
  4.030000000001e+01  ,1.998106761021e+00  ,2.500000000000e+00  
  4.070000000001e+01  ,1.998104902450e+00  ,2.500000000000e+00  
  4.100000000001e+01  ,1.998104068451e+00  ,2.500000000000e+00  
  4.100300000001e+01  ,1.790888599702e+00  ,2.249999999100e+00  
  4.100479715580e+01  ,1.666297806078e+00  ,2.100237016667e+00  
  4.100544080430e+01  ,1.621668593725e+00  ,2.046599641667e+00  
  4.100569469640e+01  ,1.604070958914e+00  ,2.025441966667e+00  
  4.100569469650e+01  ,1.604091562796e+00  ,2.025441958333e+00  
  4.100569470380e+01  ,1.604057233781e+00  ,2.025441350000e+00  
  4.100569470451e+01  ,1.604090030189e+00  ,2.025441290476e+00  
  4.100569470594e+01  ,1.604057091172e+00  ,2.025441171422e+00  
  4.100569470880e+01  ,1.604067014647e+00  ,2.025440933314e+00  
  4.100569471451e+01  ,1.604026300600e+00  ,2.025440457097e+00  
  4.100569472594e+01  ,1.604060505400e+00  ,2.025439504665e+00  
  4.100569474880e+01  ,1.604027798749e+00  ,2.025437599800e+00  
  4.100569479452e+01  ,1.604061323218e+00  ,2.025433790070e+00  
  4.100569488595e+01  ,1.604027496767e+00  ,2.025426170609e+00  
  4.100569492790e+01  ,1.604058857658e+00  ,2.025422675000e+00  
  4.100569494130e+01  ,1.604024769738e+00  ,2.025421558333e+00  
  4.100569494280e+01  ,1.604056054610e+00  ,2.025421433334e+00  
  4.100569494290e+01  ,1.604024293716e+00  ,2.025421425000e+00  
  4.100569494300e+01  ,1.604015635559e+00  ,2.025421416667e+00  
  4.100569494920e+01  ,1.604050441762e+00  ,2.025420900000e+00  
  4.100569494991e+01  ,1.604018298327e+00  ,2.025420840476e+00  
  4.100569495134e+01  ,1.604069630150e+00  ,2.025420721422e+00  
  4.100569495420e+01  ,1.605527885724e+00  ,2.025420483314e+00  
  4.100569495991e+01  ,1.612098115031e+00  ,2.025420007098e+00  
  4.100569497134e+01  ,1.625177206472e+00  ,2.025419054665e+00  
  4.100569499420e+01  ,1.649535346194e+00  ,2.025417149800e+00  
  4.100569503820e+01  ,1.691013109055e+00  ,2.025413483121e+00  
  4.100569512620e+01  ,8.608229958895e-04  ,2.025406149763e+00  
  4.100569530220e+01  ,-1.927845347893e-04  ,2.025391483047e+00  
  4.100569558926e+01  ,1.302181554195e-04  ,2.025367561716e+00  
  4.100569616337e+01  ,-1.100541677985e-04  ,2.025319719054e+00  
  4.100569730187e+01  ,1.106383464418e-04  ,2.025224844354e+00  
  4.100569913884e+01  ,-1.091095464290e-04  ,2.025071763732e+00  
  4.100570205822e+01  ,1.108875055849e-04  ,2.024828481414e+00  
  4.100570583630e+01  ,-1.089705695776e-04  ,2.024513641733e+00  
  4.100571339245e+01  ,1.108503597749e-04  ,2.023883962371e+00  
  4.100572850476e+01  ,-1.089418271718e-04  ,2.022624603647e+00  
  4.100575872937e+01  ,1.108364752653e-04  ,2.020105886199e+00  
  4.100581917858e+01  ,-1.101342811580e-04  ,2.015068451303e+00  
  4.100593813100e+01  ,1.096491744192e-04  ,2.005155750000e+00  
  4.100612361650e+01  ,-1.107419268109e-04  ,1.989698625000e+00  
  4.100615743350e+01  ,1.090211601422e-04  ,1.986880541667e+00  
  4.100621871280e+01  ,-1.107417182880e-04  ,1.981773933594e+00  
  4.100622992490e+01  ,1.090160374488e-04  ,1.980839591666e+00  
  4.100623555910e+01  ,-1.107145133332e-04  ,1.980370075000e+00  
  4.100624404040e+01  ,1.090025865480e-04  ,1.979663300000e+00  
  4.100624828230e+01  ,-1.106757545415e-04  ,1.979309808333e+00  
  4.100624853450e+01  ,1.085704631265e-04  ,1.979288791666e+00  
  4.100624853470e+01  ,4.057582894390e-05  ,1.979288775000e+00  
  4.100624866533e+01  ,-4.162436420430e-05  ,1.979277889205e+00  
  4.100624878494e+01  ,3.958968507334e-05  ,1.979267921322e+00  
  4.100624893179e+01  ,-4.070549758239e-05  ,1.979255684488e+00  
  4.100624922547e+01  ,3.897263421848e-05  ,1.979231210821e+00  
  4.100624981284e+01  ,-4.040105135772e-05  ,1.979182263486e+00  
  4.100625098757e+01  ,3.882002133082e-05  ,1.979084368818e+00  
  4.100625333705e+01  ,-4.032486161520e-05  ,1.978888579481e+00  
  4.100625803599e+01  ,3.878212119091e-05  ,1.978497000807e+00  
  4.100626743388e+01  ,-4.030584274162e-05  ,1.977713843458e+00  
  4.100628189210e+01  ,3.877170480493e-05  ,1.976508991667e+00  
  4.100628278870e+01  ,-4.023533558595e-05  ,1.976434275000e+00  
  4.100628279140e+01  ,2.185781205277e-05  ,1.976434050000e+00  
  4.100628279150e+01  ,1.473124265061e-05  ,1.976434041667e+00  
  4.100628279418e+01  ,-9.702181801075e-06  ,1.976433818336e+00  
  4.100628279664e+01  ,4.894113038834e-06  ,1.976433612917e+00  
  4.100628279880e+01  ,-4.443417125799e-06  ,1.976433433333e+00  
  4.100628279951e+01  ,-9.967881410944e-06  ,1.976433373809e+00  
  4.100628280094e+01  ,-3.073260326225e-05  ,1.976433254756e+00  
  4.100628280380e+01  ,-4.307467418485e-05  ,1.976433016647e+00  
  4.100628280852e+01  ,-4.250069800804e-05  ,1.976432623691e+00  
  4.100628281795e+01  ,-2.410567926248e-05  ,1.976431837779e+00  
  4.100628282240e+01  ,-4.160202577452e-05  ,1.976431466666e+00  
  4.100628282250e+01  ,-4.150531762193e-05  ,1.976431458333e+00  
  4.100628282558e+01  ,-4.748716490610e-05  ,1.976431201754e+00  
  4.100628282843e+01  ,-4.404190422491e-05  ,1.976430964577e+00  
  4.100628282935e+01  ,-4.501539094193e-05  ,1.976430887106e+00  
  4.100628283096e+01  ,-4.409228962032e-05  ,1.976430753663e+00  
  4.100628283319e+01  ,-4.383811459263e-05  ,1.976430567213e+00  
  4.100628283767e+01  ,-4.032826372935e-05  ,1.976430194311e+00  
  4.100628284620e+01  ,-3.008832488760e-05  ,1.976429483650e+00  
  4.100628286201e+01  ,-2.034261287065e-05  ,1.976428165890e+00  
  4.100628289364e+01  ,-4.039303379244e-05  ,1.976425530372e+00  
  4.100628295689e+01  ,-2.573008336526e-05  ,1.976420259334e+00  
  4.100628297250e+01  ,-9.841259895182e-05  ,1.976418958333e+00  
  4.100628297480e+01  ,-1.738212594518e-04  ,1.976418766667e+00  
  4.100628297490e+01  ,-1.796863814434e-04  ,1.976418758333e+00  
  4.100628297500e+01  ,-1.847104527286e-04  ,1.976418750000e+00  
  4.100628297695e+01  ,-7.403250664311e-04  ,1.976418587639e+00  
  4.100628297899e+01  ,-2.212082050846e-03  ,1.976418417300e+00  
  4.100628298120e+01  ,-4.138889613387e-03  ,1.976418233333e+00  
  4.100628298191e+01  ,-4.733631215004e-03  ,1.976418173809e+00  
  4.100628298334e+01  ,-5.928458364451e-03  ,1.976418054755e+00  
  4.100628298620e+01  ,-8.300551618959e-03  ,1.976417816647e+00  
  4.100628299191e+01  ,-1.293888585224e-02  ,1.976417340431e+00  
  4.100628300334e+01  ,-2.173910063357e-02  ,1.976416387998e+00  
  4.100628302620e+01  ,-3.755593021560e-02  ,1.976414483133e+00  
  4.100628307192e+01  ,-6.307578757333e-02  ,1.976410673403e+00  
  4.100628316335e+01  ,-9.599088832329e-02  ,1.976403053942e+00  
  4.100628334622e+01  ,-1.204993582360e-01  ,1.976387815022e+00  
  4.100628371195e+01  ,-1.089230477446e-01  ,1.976357337180e+00  
  4.100628391647e+01  ,-9.049738663452e-02  ,1.976340294225e+00  
  4.100628411476e+01  ,-7.134425714321e-02  ,1.976323769831e+00  
  4.100628434834e+01  ,-4.729921725811e-02  ,1.976304304941e+00  
  4.100628481550e+01  ,4.072122713296e-03  ,1.976265375160e+00  
  4.100628574981e+01  ,1.124134316706e-01  ,1.976187515600e+00  
  4.100628761844e+01  ,3.207176857977e-01  ,1.976031796479e+00  
  4.100629135570e+01  ,6.480303604621e-01  ,1.975720358236e+00  
  4.100629883022e+01  ,1.023460387718e+00  ,1.975097481751e+00  
  4.100631377925e+01  ,1.275400778861e+00  ,1.973851728781e+00  
  4.100634367733e+01  ,1.314028491848e+00  ,1.971360222840e+00  
  4.100637517147e+01  ,1.302853401983e+00  ,1.968735711121e+00  
  4.100643815975e+01  ,1.302097668056e+00  ,1.963486687684e+00  
  4.100656413631e+01  ,1.293004132225e+00  ,1.952988640809e+00  
  4.100681608944e+01  ,1.279728657915e+00  ,1.931992547059e+00  
  4.100731999569e+01  ,1.249053377775e+00  ,1.890000359558e+00  
  4.100832780819e+01  ,1.191342648701e+00  ,1.806015984558e+00  
  4.101034343319e+01  ,1.072400484234e+00  ,1.638047234559e+00  
  4.101437468319e+01  ,8.379962982726e-01  ,1.302109734559e+00  
  4.102243718319e+01  ,3.663214598200e-01  ,6.302347345587e-01  
  4.102338253529e+01  ,3.126761243038e-01  ,5.514553926140e-01  
  4.102345194447e+01  ,3.072760982323e-01  ,5.456712943067e-01  
  4.102359076283e+01  ,3.019181447744e-01  ,5.341030976922e-01  
  4.102362546742e+01  ,2.970024422975e-01  ,5.312110485385e-01  
  4.102369487660e+01  ,2.944004762685e-01  ,5.254269502313e-01  
  4.102376493275e+01  ,2.899035108567e-01  ,5.195889375358e-01  
  4.102383343861e+01  ,2.862369329669e-01  ,5.138801159212e-01  
  4.102391211293e+01  ,2.815845295554e-01  ,5.073239228874e-01  
  4.102406946156e+01  ,1.081021476202e-01  ,4.942115368198e-01  
  4.102438415882e+01  ,-1.264208237990e-01  ,4.679867646846e-01  
  4.102497302601e+01  ,-1.247508760789e-01  ,4.189144990594e-01  
  4.102581081898e+01  ,-1.264126218739e-01  ,3.490984183300e-01  
  4.102698620961e+01  ,-1.247589432751e-01  ,2.511491995799e-01  
  4.102728005726e+01  ,-1.263937967306e-01  ,2.266618948923e-01  
  4.102786775257e+01  ,-1.247825896644e-01  ,1.776872855175e-01  
  4.102904314320e+01  ,-1.255244061176e-01  ,7.973806676749e-02  
  4.102916275030e+01  ,-5.997255596867e-03  ,6.977080829647e-02  
  4.102918603216e+01  ,-2.076906834292e-06  ,6.783065326724e-02  
  4.102923259588e+01  ,-8.441634313794e-07  ,6.395034320879e-02  
  4.102932572332e+01  ,-5.429642337962e-07  ,5.618972309188e-02  
  4.102951197821e+01  ,-4.268217264347e-07  ,4.066848285748e-02  
  4.102988448797e+01  ,-3.971751008081e-07  ,9.626002388667e-03  
  4.103000000001e+01  ,-3.949641890766e-07  ,0.000000000000e+00  
  4.103003326417e+01  ,-3.958172972995e-07  ,0.000000000000e+00  
  4.103009979249e+01  ,-3.957161213430e-07  ,0.000000000000e+00  
  4.103023284913e+01  ,-3.955941982325e-07  ,0.000000000000e+00  
  4.103049896241e+01  ,-3.955083756058e-07  ,0.000000000000e+00  
  4.103103118898e+01  ,-3.954790774863e-07  ,0.000000000000e+00  
  4.103209564210e+01  ,-3.955007004675e-07  ,0.000000000000e+00  
  4.103422454835e+01  ,-3.954385215665e-07  ,0.000000000000e+00  
  4.103848236085e+01  ,-3.955017950918e-07  ,0.000000000000e+00  
  4.104699798585e+01  ,-3.955008594514e-07  ,0.000000000000e+00  
  4.106402923585e+01  ,-3.955081085971e-07  ,0.000000000000e+00  
  4.109809173585e+01  ,-3.955132976963e-07  ,0.000000000000e+00  
  4.116621673585e+01  ,-3.955312845583e-07  ,0.000000000000e+00  
  4.130246673585e+01  ,-3.955533082467e-07  ,0.000000000000e+00  
  4.157496673585e+01  ,-3.955864354421e-07  ,0.000000000000e+00  
  4.200000000001e+01  ,-3.956574943231e-07  ,0.000000000000e+00  
  4.200300000001e+01  ,-1.259207162439e-01  ,2.500000009000e-01  
  4.200900000001e+01  ,4.501529940462e-01  ,7.500000009000e-01  
  4.202100000001e+01  ,1.155599347316e+00  ,1.750000000900e+00  
  4.202279789940e+01  ,1.256979720318e+00  ,1.899824950000e+00  
  4.202351810946e+01  ,1.301161629846e+00  ,1.959842455000e+00  
  4.202366150770e+01  ,1.309551455663e+00  ,1.971792308333e+00  
  4.202375084160e+01  ,1.314765825751e+00  ,1.979236800000e+00  
  4.202378816420e+01  ,1.316944553284e+00  ,1.982347016667e+00  
  4.202378816430e+01  ,1.316951551824e+00  ,1.982347025000e+00  
  4.202378817150e+01  ,1.316942131030e+00  ,1.982347625000e+00  
  4.202378817221e+01  ,1.316952266148e+00  ,1.982347684524e+00  
  4.202378817364e+01  ,1.316963030025e+00  ,1.982347803578e+00  
  4.202378817650e+01  ,1.318458815222e+00  ,1.982348041686e+00  
  4.202378818221e+01  ,1.324984570383e+00  ,1.982348517902e+00  
  4.202378819364e+01  ,1.338092266698e+00  ,1.982349470335e+00  
  4.202378821650e+01  ,1.362382620340e+00  ,1.982351375200e+00  
  4.202378826048e+01  ,1.403827505885e+00  ,1.982355039892e+00  
  4.202378830180e+01  ,1.436646339833e+00  ,1.982358483334e+00  
  4.202378830890e+01  ,1.441821714048e+00  ,1.982359075000e+00  
  4.202378830960e+01  ,1.442282616161e+00  ,1.982359133333e+00  
  4.202378830970e+01  ,1.442362150061e+00  ,1.982359141667e+00  
  4.202378831600e+01  ,1.319197073928e+00  ,1.982359666667e+00  
  4.202378831671e+01  ,1.286030954449e+00  ,1.982359726191e+00  
  4.202378831814e+01  ,1.197222585208e+00  ,1.982359845244e+00  
  4.202378832100e+01  ,9.465469418792e-01  ,1.982360083353e+00  
  4.202378832671e+01  ,2.372052366554e-01  ,1.982360559569e+00  
  4.202378833814e+01  ,-2.338707132367e-03  ,1.982361512002e+00  
  4.202378835915e+01  ,1.286840591661e-03  ,1.982363262640e+00  
  4.202378839254e+01  ,-9.151236342859e-04  ,1.982366044687e+00  
  4.202378844764e+01  ,5.987972359662e-04  ,1.982370636728e+00  
  4.202378855785e+01  ,-3.721429391135e-04  ,1.982379820810e+00  
  4.202378877827e+01  ,2.693341266991e-04  ,1.982398188974e+00  
  4.202378908290e+01  ,-2.373427025333e-04  ,1.982423575000e+00  
  4.202378946130e+01  ,2.287307287219e-04  ,1.982455108333e+00  
  4.202379047170e+01  ,-2.269826241559e-04  ,1.982539308334e+00  
  4.202379252553e+01  ,2.272267906847e-04  ,1.982710461084e+00  
  4.202379663320e+01  ,-2.271014311646e-04  ,1.983052766585e+00  
  4.202380484853e+01  ,2.269007259343e-04  ,1.983737377588e+00  
  4.202382127920e+01  ,-2.272898977651e-04  ,1.985106599593e+00  
  4.202382538686e+01  ,2.266180870834e-04  ,1.985448905094e+00  
  4.202383360219e+01  ,-2.273037589049e-04  ,1.986133516097e+00  
  4.202385003286e+01  ,2.264541535624e-04  ,1.987502738102e+00  
  4.202385414052e+01  ,-2.273139026556e-04  ,1.987845043603e+00  
  4.202386235586e+01  ,2.263022960562e-04  ,1.988529654606e+00  
  4.202387878652e+01  ,-2.273158033859e-04  ,1.989898876611e+00  
  4.202391164785e+01  ,2.260476273221e-04  ,1.992637320621e+00  
  4.202397737050e+01  ,-2.275063168469e-04  ,1.998114208642e+00  
  4.202408526845e+01  ,2.260279084538e-04  ,2.007105704411e+00  
  4.202430106435e+01  ,-2.257517992064e-04  ,2.025088695947e+00  
  4.202434372020e+01  ,2.278852832802e-04  ,2.028643350000e+00  
  4.202438999160e+01  ,-2.257301107136e-04  ,2.032499300000e+00  
  4.202443645140e+01  ,2.278661681459e-04  ,2.036370950000e+00  
  4.202446528390e+01  ,-2.257065116140e-04  ,2.038773658333e+00  
  4.202449408670e+01  ,2.278343740585e-04  ,2.041173891667e+00  
  4.202451056920e+01  ,-2.256738525830e-04  ,2.042547433334e+00  
  4.202452379950e+01  ,2.277765016458e-04  ,2.043649958333e+00  
  4.202453383250e+01  ,-2.256244938224e-04  ,2.044486041667e+00  
  4.202453927980e+01  ,2.276748294747e-04  ,2.044939983333e+00  
  4.202454379520e+01  ,-2.255279759567e-04  ,2.045316266667e+00  
  4.202454576110e+01  ,2.274586526170e-04  ,2.045480091667e+00  
  4.202454583130e+01  ,-2.219249993800e-04  ,2.045485941667e+00  
  4.202454583140e+01  ,-1.334519924399e-04  ,2.045485950000e+00  
  4.202454589649e+01  ,1.329127054674e-04  ,2.045491374023e+00  
  4.202454595777e+01  ,-1.281678860892e-04  ,2.045496481148e+00  
  4.202454605885e+01  ,1.286490184214e-04  ,2.045504904277e+00  
  4.202454626101e+01  ,-1.258097830288e-04  ,2.045521750537e+00  
  4.202454666532e+01  ,1.274814415950e-04  ,2.045555443056e+00  
  4.202454747394e+01  ,-1.252307853790e-04  ,2.045622828094e+00  
  4.202454909118e+01  ,1.271932371552e-04  ,2.045757598169e+00  
  4.202455232566e+01  ,-1.250869092786e-04  ,2.046027138320e+00  
  4.202455879462e+01  ,1.271217993875e-04  ,2.046566218622e+00  
  4.202455981540e+01  ,-1.249112382880e-04  ,2.046651283334e+00  
  4.202455982190e+01  ,1.062007228398e-04  ,2.046651825000e+00  
  4.202455982200e+01  ,6.509688031997e-05  ,2.046651833333e+00  
  4.202455982819e+01  ,-5.145453238953e-05  ,2.046652349224e+00  
  4.202455982920e+01  ,1.852116278833e-05  ,2.046652433333e+00  
  4.202455982991e+01  ,3.900231529963e-06  ,2.046652492857e+00  
  4.202455983134e+01  ,3.129471685170e-05  ,2.046652611911e+00  
  4.202455983305e+01  ,3.271589098119e-05  ,2.046652754264e+00  
  4.202455983577e+01  ,4.277289161436e-05  ,2.046652981103e+00  
  4.202455984122e+01  ,3.908984518830e-05  ,2.046653434781e+00  
  4.202455984600e+01  ,4.197831367847e-05  ,2.046653833333e+00  
  4.202455984620e+01  ,4.058445365729e-05  ,2.046653850000e+00  
  4.202455984630e+01  ,4.032783774122e-05  ,2.046653858333e+00  
  4.202455984776e+01  ,3.978660526371e-05  ,2.046653980368e+00  
  4.202455984943e+01  ,3.969637038637e-05  ,2.046654119197e+00  
  4.202455985276e+01  ,3.903568969932e-05  ,2.046654396855e+00  
  4.202455985943e+01  ,3.808560277818e-05  ,2.046654952172e+00  
  4.202455987275e+01  ,3.600965350259e-05  ,2.046656062805e+00  
  4.202455989941e+01  ,3.235256031076e-05  ,2.046658284071e+00  
  4.202455991650e+01  ,2.930111456223e-05  ,2.046659708334e+00  
  4.202455991840e+01  ,2.902635500490e-05  ,2.046659866667e+00  
  4.202455991850e+01  ,2.902348237122e-05  ,2.046659875000e+00  
  4.202455991860e+01  ,2.906122662516e-05  ,2.046659883334e+00  
  4.202455992490e+01  ,2.783754922042e-05  ,2.046660408334e+00  
  4.202455992561e+01  ,1.724357739796e-05  ,2.046660467858e+00  
  4.202455992704e+01  ,-1.457158194662e-06  ,2.046660586911e+00  
  4.202455992990e+01  ,-1.601488391145e-05  ,2.046660825020e+00  
  4.202455993561e+01  ,-2.083582770318e-05  ,2.046661301236e+00  
  4.202455994704e+01  ,-1.853529706608e-05  ,2.046662253669e+00  
  4.202455996449e+01  ,-3.383688789826e-06  ,2.046663707526e+00  
  4.202455999938e+01  ,-1.505891496922e-05  ,2.046666615239e+00  
  4.202456006917e+01  ,-1.431061858348e-05  ,2.046672430665e+00  
  4.202456020874e+01  ,-1.438288630652e-02  ,2.046684061518e+00  
  4.202456048788e+01  ,-2.333415359499e-02  ,2.046707323224e+00  
  4.202456069778e+01  ,9.376919176248e-03  ,2.046724815200e+00  
  4.202456096686e+01  ,5.248570663753e-02  ,2.046747238468e+00  
  4.202456129979e+01  ,1.044002800627e-01  ,2.046774982443e+00  
  4.202456196564e+01  ,2.016219158832e-01  ,2.046830470394e+00  
  4.202456329736e+01  ,3.763028099493e-01  ,2.046941446295e+00  
  4.202456596078e+01  ,6.631108178408e-01  ,2.047163398098e+00  
  4.202457128762e+01  ,1.058228911483e+00  ,2.047607301703e+00  
  4.202458194131e+01  ,1.441515652230e+00  ,2.048495108913e+00  
  4.202460324868e+01  ,1.621305599576e+00  ,2.050270723334e+00  
  4.202460857552e+01  ,1.619941943325e+00  ,2.050714626939e+00  
  4.202461922921e+01  ,1.619180215406e+00  ,2.051602434150e+00  
  4.202462189263e+01  ,1.619100929005e+00  ,2.051824385952e+00  
  4.202462721947e+01  ,1.619335182244e+00  ,2.052268289558e+00  
  4.202463787316e+01  ,1.619752603932e+00  ,2.053156096768e+00  
  4.202464053658e+01  ,1.620009337203e+00  ,2.053378048571e+00  
  4.202464586343e+01  ,1.620241302531e+00  ,2.053821952176e+00  
  4.202465651711e+01  ,1.621050072834e+00  ,2.054709759387e+00  
  4.202465918053e+01  ,1.621131047141e+00  ,2.054931711189e+00  
  4.202465984639e+01  ,1.621266441420e+00  ,2.054987199140e+00  
  4.202466117810e+01  ,1.621245226241e+00  ,2.055098175041e+00  
  4.202466384152e+01  ,1.621517101768e+00  ,2.055320126844e+00  
  4.202466392475e+01  ,1.621424329933e+00  ,2.055327062838e+00  
  4.202466409122e+01  ,1.621520357789e+00  ,2.055340934825e+00  
  4.202466413283e+01  ,1.621450999868e+00  ,2.055344402822e+00  
  4.202466421607e+01  ,1.621518225176e+00  ,2.055351338816e+00  
  4.202466421867e+01  ,1.621501812944e+00  ,2.055351555565e+00  
  4.202466421932e+01  ,1.621496102656e+00  ,2.055351609753e+00  
  4.202466422062e+01  ,1.621492909384e+00  ,2.055351718127e+00  
  4.202466422322e+01  ,1.621491190861e+00  ,2.055351934877e+00  
  4.202466422743e+01  ,1.621490409249e+00  ,2.055352285924e+00  
  4.202466423198e+01  ,1.621491125552e+00  ,2.055352665035e+00  
  4.202466424108e+01  ,1.621491422877e+00  ,2.055353423255e+00  
  4.202466425672e+01  ,1.621492898092e+00  ,2.055354726362e+00  
  4.202466426063e+01  ,1.621492793551e+00  ,2.055355052138e+00  
  4.202466426844e+01  ,1.621493568528e+00  ,2.055355703692e+00  
  4.202466427040e+01  ,1.621493393439e+00  ,2.055355866580e+00  
  4.202466427431e+01  ,1.621493894607e+00  ,2.055356192357e+00  
  4.202466428213e+01  ,1.621493784245e+00  ,2.055356843911e+00  
  4.202466429776e+01  ,1.621495105559e+00  ,2.055358147017e+00  
  4.202466431262e+01  ,1.621495719766e+00  ,2.055359384931e+00  
  4.202466433736e+01  ,1.621497603715e+00  ,2.055361447004e+00  
  4.202466438313e+01  ,1.621500366484e+00  ,2.055365261204e+00  
  4.202466439366e+01  ,1.621501195943e+00  ,2.055366138634e+00  
  4.202466439630e+01  ,1.621500785695e+00  ,2.055366357992e+00  
  4.202466439695e+01  ,1.621501218528e+00  ,2.055366412832e+00  
  4.202466439827e+01  ,1.621500948910e+00  ,2.055366522510e+00  
  4.202466440090e+01  ,1.621501629124e+00  ,2.055366741868e+00  
  4.202466440617e+01  ,1.621501418995e+00  ,2.055367180583e+00  
  4.202466440631e+01  ,1.621501808637e+00  ,2.055367192248e+00  
  4.202466440634e+01  ,1.621501468471e+00  ,2.055367195164e+00  
  4.202466440635e+01  ,1.621501758695e+00  ,2.055367195893e+00  
  4.202466440637e+01  ,1.621501495829e+00  ,2.055367197351e+00  
  4.202466440640e+01  ,1.621501765447e+00  ,2.055367200268e+00  
  4.202466440647e+01  ,1.621501508751e+00  ,2.055367206100e+00  
  4.202466440659e+01  ,1.621501787449e+00  ,2.055367215999e+00  
  4.202466440683e+01  ,1.621501549031e+00  ,2.055367235797e+00  
  4.202466440717e+01  ,1.621501853690e+00  ,2.055367263760e+00  
  4.202466440749e+01  ,1.621501637506e+00  ,2.055367290842e+00  
  4.202466440811e+01  ,1.621501983376e+00  ,2.055367342872e+00  
  4.202466440936e+01  ,1.621501867077e+00  ,2.055367446932e+00  
  4.202466441186e+01  ,1.621502415743e+00  ,2.055367655052e+00  
  4.202466441686e+01  ,1.621502707130e+00  ,2.055368071290e+00  
  4.202466442685e+01  ,1.621504066745e+00  ,2.055368903769e+00  
  4.202466442934e+01  ,1.621504312498e+00  ,2.055369111889e+00  
  4.202466443434e+01  ,1.621504845098e+00  ,2.055369528127e+00  
  4.202466443559e+01  ,1.621504773735e+00  ,2.055369632187e+00  
  4.202466443808e+01  ,1.621505138930e+00  ,2.055369840307e+00  
  4.202466443871e+01  ,1.621505009127e+00  ,2.055369892337e+00  
  4.202466443996e+01  ,1.621505283285e+00  ,2.055369996396e+00  
  4.202466444245e+01  ,1.621505294926e+00  ,2.055370204516e+00  
  4.202466444745e+01  ,1.621505854069e+00  ,2.055370620755e+00  
  4.202466445744e+01  ,1.621506436146e+00  ,2.055371453233e+00  
  4.202466447742e+01  ,1.621508135227e+00  ,2.055373118190e+00  
  4.202466451738e+01  ,1.621510994737e+00  ,2.055376448103e+00  
  4.202466459730e+01  ,1.621517238673e+00  ,2.055383107928e+00  
  4.202466475713e+01  ,1.621529152500e+00  ,2.055396427580e+00  
  4.202466507680e+01  ,1.621553386096e+00  ,2.055423066882e+00  
  4.202466571615e+01  ,1.621600928949e+00  ,2.055476345487e+00  
  4.202466699483e+01  ,1.621695554117e+00  ,2.055582902698e+00  
  4.202466955221e+01  ,1.621882008621e+00  ,2.055796017118e+00  
  4.202467466695e+01  ,1.622250215383e+00  ,2.056222245959e+00  
  4.202468489644e+01  ,1.622974400525e+00  ,2.057074703642e+00  
  4.202470535543e+01  ,1.624408585601e+00  ,2.058779619006e+00  
  4.202474627340e+01  ,1.627257219632e+00  ,2.062189449735e+00  
  4.202482810933e+01  ,1.632946552243e+00  ,2.069009111193e+00  
  4.202499178121e+01  ,1.644305299502e+00  ,2.082648434110e+00  
  4.202531912496e+01  ,1.666971832165e+00  ,2.109927079944e+00  
  4.202597381246e+01  ,1.712232847465e+00  ,2.164484371610e+00  
  4.202728318746e+01  ,1.802711306140e+00  ,2.273598954944e+00  
  4.202966443746e+01  ,1.967265900224e+00  ,2.472036454944e+00  
  4.203000000001e+01  ,1.990453981911e+00  ,2.500000000000e+00  
  4.203047625001e+01  ,1.991214295267e+00  ,2.500000000000e+00  
  4.203142878907e+01  ,1.991240181145e+00  ,2.500000000000e+00  
  4.203333386720e+01  ,1.991258328664e+00  ,2.500000000000e+00  
  4.203714402345e+01  ,1.991292207618e+00  ,2.500000000000e+00  
  4.204476433595e+01  ,1.991361159715e+00  ,2.500000000000e+00  
  4.206000496095e+01  ,1.991495449562e+00  ,2.500000000000e+00  
  4.209048621095e+01  ,1.991757805110e+00  ,2.500000000000e+00  
  4.215144871095e+01  ,1.992251029122e+00  ,2.500000000000e+00  
  4.227337371095e+01  ,1.993129993090e+00  ,2.500000000000e+00  
  4.251722371095e+01  ,1.994522659108e+00  ,2.500000000000e+00  
  4.300492371095e+01  ,1.996288563590e+00  ,2.500000000000e+00  
  4.398032371095e+01  ,1.997727396898e+00  ,2.500000000000e+00  
  4.498032371095e+01  ,1.998030931922e+00  ,2.500000000000e+00  
  4.598032371095e+01  ,1.998088446213e+00  ,2.500000000000e+00  
  4.698032371095e+01  ,1.998100047349e+00  ,2.500000000000e+00  
  4.700000000001e+01  ,1.998099630349e+00  ,2.500000000000e+00  
  4.700300000001e+01  ,1.790884887101e+00  ,2.249999999100e+00  
  4.700479715580e+01  ,1.666294286726e+00  ,2.100237016667e+00  
  4.700544080440e+01  ,1.621664868901e+00  ,2.046599633333e+00  
  4.700569469650e+01  ,1.604066691943e+00  ,2.025441958333e+00  
  4.700569469660e+01  ,1.604066684376e+00  ,2.025441950000e+00  
  4.700569470390e+01  ,1.604066175525e+00  ,2.025441341666e+00  
  4.700569470461e+01  ,1.604066075874e+00  ,2.025441282142e+00  
  4.700569470604e+01  ,1.604065462132e+00  ,2.025441163089e+00  
  4.700569470890e+01  ,1.604043137049e+00  ,2.025440924980e+00  
  4.700569471461e+01  ,1.604034830583e+00  ,2.025440448764e+00  
  4.700569472604e+01  ,1.604036871460e+00  ,2.025439496331e+00  
  4.700569474890e+01  ,1.604036749806e+00  ,2.025437591466e+00  
  4.700569479462e+01  ,1.604038452380e+00  ,2.025433781736e+00  
  4.700569488605e+01  ,1.604037894635e+00  ,2.025426162275e+00  
  4.700569492800e+01  ,1.604037862155e+00  ,2.025422666666e+00  
  4.700569494140e+01  ,1.604037109413e+00  ,2.025421550000e+00  
  4.700569494290e+01  ,1.604037275538e+00  ,2.025421425000e+00  
  4.700569494300e+01  ,1.604037271347e+00  ,2.025421416667e+00  
  4.700569494310e+01  ,1.604037235375e+00  ,2.025421408333e+00  
  4.700569494930e+01  ,1.604037150159e+00  ,2.025420891667e+00  
  4.700569495001e+01  ,1.604037821875e+00  ,2.025420832143e+00  
  4.700569495144e+01  ,1.604057626799e+00  ,2.025420713089e+00  
  4.700569495430e+01  ,1.605547476327e+00  ,2.025420474981e+00  
  4.700569496001e+01  ,1.612088816590e+00  ,2.025419998764e+00  
  4.700569497144e+01  ,1.625198922236e+00  ,2.025419046332e+00  
  4.700569499430e+01  ,1.649520895327e+00  ,2.025417141466e+00  
  4.700569503830e+01  ,1.691012624535e+00  ,2.025413474788e+00  
  4.700569512630e+01  ,8.608277900066e-04  ,2.025406141429e+00  
  4.700569530230e+01  ,-1.927777798159e-04  ,2.025391474713e+00  
  4.700569558974e+01  ,1.301622888832e-04  ,2.025367521593e+00  
  4.700569616462e+01  ,-1.100337392899e-04  ,2.025319615354e+00  
  4.700569730407e+01  ,1.106331761136e-04  ,2.025224661181e+00  
  4.700569914141e+01  ,-1.090898127671e-04  ,2.025071548770e+00  
  4.700570204593e+01  ,1.108806956367e-04  ,2.024829506228e+00  
  4.700570579768e+01  ,-1.089510433658e-04  ,2.024516859998e+00  
  4.700571330119e+01  ,1.108426727683e-04  ,2.023891567538e+00  
  4.700572830821e+01  ,-1.089223769739e-04  ,2.022640982618e+00  
  4.700575832225e+01  ,1.108285813913e-04  ,2.020139812777e+00  
  4.700581835032e+01  ,-1.101187638426e-04  ,2.015137473096e+00  
  4.700593711470e+01  ,1.096403197991e-04  ,2.005240441666e+00  
  4.700612100510e+01  ,-1.107283060477e-04  ,1.989916241667e+00  
  4.700615445520e+01  ,1.090073815178e-04  ,1.987128733333e+00  
  4.700621556360e+01  ,-1.107280931762e-04  ,1.982036366796e+00  
  4.700622740040e+01  ,1.090023079087e-04  ,1.981049966667e+00  
  4.700624011116e+01  ,-1.107120430106e-04  ,1.979990736459e+00  
  4.700624689770e+01  ,1.089923916879e-04  ,1.979425191666e+00  
  4.700624885390e+01  ,-1.106396892894e-04  ,1.979262175000e+00  
  4.700624888090e+01  ,1.046008327066e-04  ,1.979259925000e+00  
  4.700624888100e+01  ,6.460053262458e-05  ,1.979259916666e+00  
  4.700624890779e+01  ,-6.309606853705e-05  ,1.979257684473e+00  
  4.700624893216e+01  ,5.845109230052e-05  ,1.979255653444e+00  
  4.700624897346e+01  ,-5.819350231917e-05  ,1.979252211773e+00  
  4.700624902931e+01  ,5.542639729228e-05  ,1.979247557643e+00  
  4.700624911776e+01  ,-5.615665958203e-05  ,1.979240186536e+00  
  4.700624927114e+01  ,5.419770667814e-05  ,1.979227405313e+00  
  4.700624957789e+01  ,-5.549900175339e-05  ,1.979201842868e+00  
  4.700625019138e+01  ,5.386304330912e-05  ,1.979150717978e+00  
  4.700625141838e+01  ,-5.533569550309e-05  ,1.979048468196e+00  
  4.700625387238e+01  ,5.378144355106e-05  ,1.978843968634e+00  
  4.700625878037e+01  ,-5.529479236088e-05  ,1.978434969509e+00  
  4.700626859634e+01  ,5.376105335841e-05  ,1.977616971258e+00  
  4.700628162730e+01  ,-5.528284703615e-05  ,1.976531058333e+00  
  4.700628287400e+01  ,5.370245746050e-05  ,1.976427166667e+00  
  4.700628287900e+01  ,-4.370002759657e-05  ,1.976426750000e+00  
  4.700628287910e+01  ,-2.736744887066e-05  ,1.976426741666e+00  
  4.700628288417e+01  ,2.004806728806e-05  ,1.976426319032e+00  
  4.700628288650e+01  ,-1.365493770233e-05  ,1.976426125000e+00  
  4.700628288721e+01  ,-7.854536310248e-06  ,1.976426065476e+00  
  4.700628288864e+01  ,-3.221997422997e-05  ,1.976425946422e+00  
  4.700628289135e+01  ,-4.157045933439e-05  ,1.976425721042e+00  
  4.700628289440e+01  ,-4.631601461114e-05  ,1.976425466481e+00  
  4.700628290051e+01  ,-2.850635590868e-05  ,1.976424957358e+00  
  4.700628290970e+01  ,-3.767337331695e-05  ,1.976424191666e+00  
  4.700628291010e+01  ,-3.778639175422e-05  ,1.976424158333e+00  
  4.700628291020e+01  ,-3.834756629217e-05  ,1.976424150000e+00  
  4.700628291222e+01  ,-4.293261386223e-05  ,1.976423981896e+00  
  4.700628291445e+01  ,-4.433300782836e-05  ,1.976423796191e+00  
  4.700628291737e+01  ,-4.445311886414e-05  ,1.976423552557e+00  
  4.700628291943e+01  ,-4.399575892222e-05  ,1.976423380541e+00  
  4.700628292188e+01  ,-4.294410186745e-05  ,1.976423176365e+00  
  4.700628292438e+01  ,-4.144253276550e-05  ,1.976422968400e+00  
  4.700628292937e+01  ,-3.597345537543e-05  ,1.976422552471e+00  
  4.700628293935e+01  ,-2.300930972154e-05  ,1.976421720614e+00  
  4.700628295932e+01  ,-2.855349206676e-05  ,1.976420056900e+00  
  4.700628299925e+01  ,-3.500282090485e-05  ,1.976416729471e+00  
  4.700628305100e+01  ,-3.494387816261e-05  ,1.976412416666e+00  
  4.700628306200e+01  ,-1.213811965641e-04  ,1.976411500000e+00  
  4.700628306310e+01  ,-1.638481396355e-04  ,1.976411408333e+00  
  4.700628306320e+01  ,-1.698281420914e-04  ,1.976411400000e+00  
  4.700628306330e+01  ,-1.758407527319e-04  ,1.976411391666e+00  
  4.700628306842e+01  ,-2.703408879825e-03  ,1.976410964810e+00  
  4.700628306950e+01  ,-3.614276111193e-03  ,1.976410875000e+00  
  4.700628307021e+01  ,-4.195333195185e-03  ,1.976410815476e+00  
  4.700628307164e+01  ,-5.356519626730e-03  ,1.976410696422e+00  
  4.700628307450e+01  ,-7.665319342777e-03  ,1.976410458314e+00  
  4.700628308021e+01  ,-1.217782903313e-02  ,1.976409982098e+00  
  4.700628309164e+01  ,-2.073158890926e-02  ,1.976409029665e+00  
  4.700628311450e+01  ,-3.606505586140e-02  ,1.976407124800e+00  
  4.700628316022e+01  ,-6.067245098529e-02  ,1.976403315070e+00  
  4.700628325165e+01  ,-9.198225942237e-02  ,1.976395695609e+00  
  4.700628343452e+01  ,-1.140623180399e-01  ,1.976380456689e+00  
  4.700628380025e+01  ,-9.952343544865e-02  ,1.976349978847e+00  
  4.700628400410e+01  ,-8.017311579897e-02  ,1.976332991523e+00  
  4.700628420175e+01  ,-6.033646331343e-02  ,1.976316520773e+00  
  4.700628443607e+01  ,-3.551317587699e-02  ,1.976296994291e+00  
  4.700628490470e+01  ,1.704721066926e-02  ,1.976257941328e+00  
  4.700628584198e+01  ,1.268074498876e-01  ,1.976179835401e+00  
  4.700628771652e+01  ,3.362036837207e-01  ,1.976023623548e+00  
  4.700629146560e+01  ,6.643820175668e-01  ,1.975711199842e+00  
  4.700629896377e+01  ,1.041564297222e+00  ,1.975086352430e+00  
  4.700631396011e+01  ,1.295716814464e+00  ,1.973836657606e+00  
  4.700634395278e+01  ,1.335339545622e+00  ,1.971337267957e+00  
  4.700637509292e+01  ,1.324045850080e+00  ,1.968742256564e+00  
  4.700643737319e+01  ,1.323216328397e+00  ,1.963552233777e+00  
  4.700656193374e+01  ,1.314145919634e+00  ,1.953172188205e+00  
  4.700681105484e+01  ,1.300759905134e+00  ,1.932412097059e+00  
  4.700730929702e+01  ,1.270006586681e+00  ,1.890891914767e+00  
  4.700830578140e+01  ,1.211999900523e+00  ,1.807851550184e+00  
  4.700993781265e+01  ,1.114023984643e+00  ,1.671848946017e+00  
  4.701320187515e+01  ,9.213947887183e-01  ,1.399843737684e+00  
  4.701973000015e+01  ,5.330280154594e-01  ,8.558333210171e-01  
  4.702101375013e+01  ,4.580120338360e-01  ,7.488541557651e-01  
  4.702191237512e+01  ,4.043146505428e-01  ,6.739687401887e-01  
  4.702370964074e+01  ,2.984653723834e-01  ,5.241966047720e-01  
  4.702730417199e+01  ,-1.258632565514e-01  ,2.246523339385e-01  
  4.702764115050e+01  ,-1.263205885407e-01  ,1.965707920709e-01  
  4.702787703545e+01  ,-1.260950339565e-01  ,1.769137128639e-01  
  4.702834881279e+01  ,-1.260904702576e-01  ,1.375989342183e-01  
  4.702929236748e+01  ,-1.250702346661e-01  ,5.896937692640e-02  
  4.702938082154e+01  ,-1.153504291215e-01  ,5.159820468551e-02  
  4.702944273939e+01  ,-1.004144274702e-01  ,4.643838421714e-02  
  4.702956656751e+01  ,-1.234861425226e-06  ,3.611937380062e-02  
  4.702981422376e+01  ,-4.454576258972e-07  ,1.548135296758e-02  
  4.703000000001e+01  ,-4.148277077676e-07  ,0.000000000000e+00  
  4.703004566407e+01  ,-4.073444932473e-07  ,0.000000000000e+00  
  4.703009910035e+01  ,-4.046306525118e-07  ,0.000000000000e+00  
  4.703020597291e+01  ,-4.007048223786e-07  ,0.000000000000e+00  
  4.703041971803e+01  ,-3.975740462958e-07  ,0.000000000000e+00  
  4.703084720826e+01  ,-3.964998240846e-07  ,0.000000000000e+00  
  4.703170218873e+01  ,-3.965571575837e-07  ,0.000000000000e+00  
  4.703341214967e+01  ,-3.965666086625e-07  ,0.000000000000e+00  
  4.703683207155e+01  ,-3.966126214949e-07  ,0.000000000000e+00  
  4.704367191530e+01  ,-3.965708477160e-07  ,0.000000000000e+00  
  4.705735160280e+01  ,-3.966041508541e-07  ,0.000000000000e+00  
  4.708471097780e+01  ,-3.965649076620e-07  ,0.000000000000e+00  
  4.713942972780e+01  ,-3.965913216442e-07  ,0.000000000000e+00  
  4.724886722780e+01  ,-3.965375218462e-07  ,0.000000000000e+00  
  4.746774222780e+01  ,-3.965312068976e-07  ,0.000000000000e+00  
  4.790549222780e+01  ,-3.964092324671e-07  ,0.000000000000e+00  
  4.878099222780e+01  ,-3.962448437422e-07  ,0.000000000000e+00  
  4.978099222780e+01  ,-3.959530306408e-07  ,0.000000000000e+00  
  5.078099222780e+01  ,-3.957205318150e-07  ,0.000000000000e+00  
  5.178099222780e+01  ,-3.954046701726e-07  ,0.000000000000e+00  
  5.278099222780e+01  ,-3.951452186013e-07  ,0.000000000000e+00  
  5.378099222780e+01  ,-3.948083318328e-07  ,0.000000000000e+00  
  5.478099222780e+01  ,-3.945318713672e-07  ,0.000000000000e+00  
  5.578099222780e+01  ,-3.941810888253e-07  ,0.000000000000e+00  
  5.678099222780e+01  ,-3.938929582503e-07  ,0.000000000000e+00  
  5.778099222780e+01  ,-3.935325058047e-07  ,0.000000000000e+00  
  5.878099222780e+01  ,-3.932363145942e-07  ,0.000000000000e+00  
  5.978099222780e+01  ,-3.928982135193e-07  ,0.000000000000e+00  
  6.000000000000e+01  ,-3.928567027800e-07  ,0.000000000000e+00  
